diff_type,doi,focal_personid,focal_unitid,collab_personid,collab_unitid,collab_type
missing_from_ours,10.1002/LNO.12363,1092447,33841,175847,8933,Article
missing_from_ours,10.1002/LNO.12363,1092447,33841,175847,8935,Article
missing_from_ours,10.1002/LNO.12363,175847,8933,1092447,33841,Article
missing_from_ours,10.1002/LNO.12363,175847,8935,1092447,33841,Article
missing_from_ours,10.1007/JHEP03(2022)187,116604,8950,120362,8950,Article
missing_from_ours,10.1007/JHEP03(2022)187,116604,8950,15477,8950,Article
missing_from_ours,10.1007/JHEP03(2022)187,116604,8950,30783,8950,Article
missing_from_ours,10.1007/JHEP03(2022)187,116604,8950,627165,8950,Article
missing_from_ours,10.1007/JHEP03(2022)187,116604,8950,827695,8950,Article
missing_from_ours,10.1007/JHEP03(2022)187,120362,8950,116604,8950,Article
missing_from_ours,10.1007/JHEP03(2022)187,120362,8950,15477,8950,Article
missing_from_ours,10.1007/JHEP03(2022)187,120362,8950,30783,8950,Article
missing_from_ours,10.1007/JHEP03(2022)187,120362,8950,627165,8950,Article
missing_from_ours,10.1007/JHEP03(2022)187,120362,8950,827695,8950,Article
missing_from_ours,10.1007/JHEP03(2022)187,15477,8950,116604,8950,Article
missing_from_ours,10.1007/JHEP03(2022)187,15477,8950,120362,8950,Article
missing_from_ours,10.1007/JHEP03(2022)187,15477,8950,30783,8950,Article
missing_from_ours,10.1007/JHEP03(2022)187,15477,8950,627165,8950,Article
missing_from_ours,10.1007/JHEP03(2022)187,15477,8950,827695,8950,Article
missing_from_ours,10.1007/JHEP03(2022)187,30783,8950,116604,8950,Article
missing_from_ours,10.1007/JHEP03(2022)187,30783,8950,120362,8950,Article
missing_from_ours,10.1007/JHEP03(2022)187,30783,8950,15477,8950,Article
missing_from_ours,10.1007/JHEP03(2022)187,30783,8950,627165,8950,Article
missing_from_ours,10.1007/JHEP03(2022)187,30783,8950,827695,8950,Article
missing_from_ours,10.1007/JHEP03(2022)187,627165,8950,116604,8950,Article
missing_from_ours,10.1007/JHEP03(2022)187,627165,8950,120362,8950,Article
missing_from_ours,10.1007/JHEP03(2022)187,627165,8950,15477,8950,Article
missing_from_ours,10.1007/JHEP03(2022)187,627165,8950,30783,8950,Article
missing_from_ours,10.1007/JHEP03(2022)187,627165,8950,827695,8950,Article
missing_from_ours,10.1007/JHEP03(2022)187,827695,8950,116604,8950,Article
missing_from_ours,10.1007/JHEP03(2022)187,827695,8950,120362,8950,Article
missing_from_ours,10.1007/JHEP03(2022)187,827695,8950,15477,8950,Article
missing_from_ours,10.1007/JHEP03(2022)187,827695,8950,30783,8950,Article
missing_from_ours,10.1007/JHEP03(2022)187,827695,8950,627165,8950,Article
missing_from_ours,10.1007/JHEP04(2021)170,1977480,8950,544556,8938,Article
missing_from_ours,10.1007/JHEP04(2021)170,1977480,8950,544556,8950,Article
missing_from_ours,10.1007/JHEP04(2021)170,544556,8938,1977480,8950,Article
missing_from_ours,10.1007/JHEP04(2021)170,544556,8950,1977480,8950,Article
missing_from_ours,10.1007/JHEP11(2022)149,116604,8950,120362,8950,Article
missing_from_ours,10.1007/JHEP11(2022)149,116604,8950,15477,8950,Article
missing_from_ours,10.1007/JHEP11(2022)149,116604,8950,30783,8950,Article
missing_from_ours,10.1007/JHEP11(2022)149,116604,8950,627165,8950,Article
missing_from_ours,10.1007/JHEP11(2022)149,116604,8950,827695,8950,Article
missing_from_ours,10.1007/JHEP11(2022)149,120362,8950,116604,8950,Article
missing_from_ours,10.1007/JHEP11(2022)149,120362,8950,15477,8950,Article
missing_from_ours,10.1007/JHEP11(2022)149,120362,8950,30783,8950,Article
missing_from_ours,10.1007/JHEP11(2022)149,120362,8950,627165,8950,Article
missing_from_ours,10.1007/JHEP11(2022)149,120362,8950,827695,8950,Article
missing_from_ours,10.1007/JHEP11(2022)149,15477,8950,116604,8950,Article
missing_from_ours,10.1007/JHEP11(2022)149,15477,8950,120362,8950,Article
missing_from_ours,10.1007/JHEP11(2022)149,15477,8950,30783,8950,Article
missing_from_ours,10.1007/JHEP11(2022)149,15477,8950,627165,8950,Article
missing_from_ours,10.1007/JHEP11(2022)149,15477,8950,827695,8950,Article
missing_from_ours,10.1007/JHEP11(2022)149,30783,8950,116604,8950,Article
missing_from_ours,10.1007/JHEP11(2022)149,30783,8950,120362,8950,Article
missing_from_ours,10.1007/JHEP11(2022)149,30783,8950,15477,8950,Article
missing_from_ours,10.1007/JHEP11(2022)149,30783,8950,627165,8950,Article
missing_from_ours,10.1007/JHEP11(2022)149,30783,8950,827695,8950,Article
missing_from_ours,10.1007/JHEP11(2022)149,627165,8950,116604,8950,Article
missing_from_ours,10.1007/JHEP11(2022)149,627165,8950,120362,8950,Article
missing_from_ours,10.1007/JHEP11(2022)149,627165,8950,15477,8950,Article
missing_from_ours,10.1007/JHEP11(2022)149,627165,8950,30783,8950,Article
missing_from_ours,10.1007/JHEP11(2022)149,627165,8950,827695,8950,Article
missing_from_ours,10.1007/JHEP11(2022)149,827695,8950,116604,8950,Article
missing_from_ours,10.1007/JHEP11(2022)149,827695,8950,120362,8950,Article
missing_from_ours,10.1007/JHEP11(2022)149,827695,8950,15477,8950,Article
missing_from_ours,10.1007/JHEP11(2022)149,827695,8950,30783,8950,Article
missing_from_ours,10.1007/JHEP11(2022)149,827695,8950,627165,8950,Article
missing_from_ours,10.1007/JHEP12(2022)035,116604,8950,120362,8950,Article
missing_from_ours,10.1007/JHEP12(2022)035,116604,8950,15477,8950,Article
missing_from_ours,10.1007/JHEP12(2022)035,116604,8950,30783,8950,Article
missing_from_ours,10.1007/JHEP12(2022)035,116604,8950,627165,8950,Article
missing_from_ours,10.1007/JHEP12(2022)035,116604,8950,827695,8950,Article
missing_from_ours,10.1007/JHEP12(2022)035,120362,8950,116604,8950,Article
missing_from_ours,10.1007/JHEP12(2022)035,120362,8950,15477,8950,Article
missing_from_ours,10.1007/JHEP12(2022)035,120362,8950,30783,8950,Article
missing_from_ours,10.1007/JHEP12(2022)035,120362,8950,627165,8950,Article
missing_from_ours,10.1007/JHEP12(2022)035,120362,8950,827695,8950,Article
missing_from_ours,10.1007/JHEP12(2022)035,15477,8950,116604,8950,Article
missing_from_ours,10.1007/JHEP12(2022)035,15477,8950,120362,8950,Article
missing_from_ours,10.1007/JHEP12(2022)035,15477,8950,30783,8950,Article
missing_from_ours,10.1007/JHEP12(2022)035,15477,8950,627165,8950,Article
missing_from_ours,10.1007/JHEP12(2022)035,15477,8950,827695,8950,Article
missing_from_ours,10.1007/JHEP12(2022)035,30783,8950,116604,8950,Article
missing_from_ours,10.1007/JHEP12(2022)035,30783,8950,120362,8950,Article
missing_from_ours,10.1007/JHEP12(2022)035,30783,8950,15477,8950,Article
missing_from_ours,10.1007/JHEP12(2022)035,30783,8950,627165,8950,Article
missing_from_ours,10.1007/JHEP12(2022)035,30783,8950,827695,8950,Article
missing_from_ours,10.1007/JHEP12(2022)035,627165,8950,116604,8950,Article
missing_from_ours,10.1007/JHEP12(2022)035,627165,8950,120362,8950,Article
missing_from_ours,10.1007/JHEP12(2022)035,627165,8950,15477,8950,Article
missing_from_ours,10.1007/JHEP12(2022)035,627165,8950,30783,8950,Article
missing_from_ours,10.1007/JHEP12(2022)035,627165,8950,827695,8950,Article
missing_from_ours,10.1007/JHEP12(2022)035,827695,8950,116604,8950,Article
missing_from_ours,10.1007/JHEP12(2022)035,827695,8950,120362,8950,Article
missing_from_ours,10.1007/JHEP12(2022)035,827695,8950,15477,8950,Article
missing_from_ours,10.1007/JHEP12(2022)035,827695,8950,30783,8950,Article
missing_from_ours,10.1007/JHEP12(2022)035,827695,8950,627165,8950,Article
missing_from_ours,10.1007/S11002-022-09617-8,627170,8933,9049,8933,Article
missing_from_ours,10.1007/S11002-022-09617-8,627170,8938,9049,8933,Article
missing_from_ours,10.1007/S11002-022-09617-8,627170,8954,9049,8933,Article
missing_from_ours,10.1007/S11002-022-09617-8,9049,8933,627170,8933,Article
missing_from_ours,10.1007/S11002-022-09617-8,9049,8933,627170,8938,Article
missing_from_ours,10.1007/S11002-022-09617-8,9049,8933,627170,8954,Article
missing_from_ours,10.1016/J.CBPA.2021.08.009,1092309,8932,1092832,8931,Article
missing_from_ours,10.1016/J.CBPA.2021.08.009,1092309,8932,1092832,8937,Article
missing_from_ours,10.1016/J.CBPA.2021.08.009,1092832,8931,1092309,8932,Article
missing_from_ours,10.1016/J.CBPA.2021.08.009,1092832,8937,1092309,8932,Article
missing_from_ours,10.1016/J.CHEMGEO.2021.120355,1108302,33836,1584403,33836,Article
missing_from_ours,10.1016/J.CHEMGEO.2021.120355,1584403,33836,1108302,33836,Article
missing_from_ours,10.1016/J.CHEMGEO.2021.120652,1108302,33836,1584403,33836,Article
missing_from_ours,10.1016/J.CHEMGEO.2021.120652,1584403,33836,1108302,33836,Article
missing_from_ours,10.1016/J.JBC.2024.107240,789733,8932,85646,8929,Article
missing_from_ours,10.1016/J.JBC.2024.107240,85646,8929,789733,8932,Article
missing_from_ours,10.1016/J.JCYT.2024.03.030,175857,8928,50517,8928,Article
missing_from_ours,10.1016/J.JCYT.2024.03.030,175857,8928,50517,8937,Article
missing_from_ours,10.1016/J.JCYT.2024.03.030,175857,8929,50517,8928,Article
missing_from_ours,10.1016/J.JCYT.2024.03.030,175857,8929,50517,8937,Article
missing_from_ours,10.1016/J.JCYT.2024.03.030,50517,8928,175857,8928,Article
missing_from_ours,10.1016/J.JCYT.2024.03.030,50517,8928,175857,8929,Article
missing_from_ours,10.1016/J.JCYT.2024.03.030,50517,8937,175857,8928,Article
missing_from_ours,10.1016/J.JCYT.2024.03.030,50517,8937,175857,8929,Article
missing_from_ours,10.1016/J.JCYT.2024.03.443,412328,8931,85646,8929,Article
missing_from_ours,10.1016/J.JCYT.2024.03.443,85646,8929,412328,8931,Article
missing_from_ours,10.1016/J.MEMSCI.2021.119961,435117,8933,92170,8944,Article
missing_from_ours,10.1016/J.MEMSCI.2021.119961,435117,8944,92170,8944,Article
missing_from_ours,10.1016/J.MEMSCI.2021.119961,92170,8944,435117,8933,Article
missing_from_ours,10.1016/J.MEMSCI.2021.119961,92170,8944,435117,8944,Article
missing_from_ours,10.1016/J.PSS.2020.105151,287800,33842,645272,33836,Article
missing_from_ours,10.1016/J.PSS.2020.105151,645272,33836,287800,33842,Article
missing_from_ours,10.1016/J.TOXLET.2024.07.745,370201,33841,544613,33841,Article
missing_from_ours,10.1016/J.TOXLET.2024.07.745,544613,33841,370201,33841,Article
missing_from_ours,10.1017/FMP.2021.14,525312,8943,64189,8943,Article
missing_from_ours,10.1017/FMP.2021.14,64189,8943,525312,8943,Article
missing_from_ours,10.1021/ACS.BIOCONJCHEM.3C00268,1275077,8929,412267,33503,Article
missing_from_ours,10.1021/ACS.BIOCONJCHEM.3C00268,1275077,8929,412267,8931,Article
missing_from_ours,10.1021/ACS.BIOCONJCHEM.3C00268,412267,33503,1275077,8929,Article
missing_from_ours,10.1021/ACS.BIOCONJCHEM.3C00268,412267,8931,1275077,8929,Article
missing_from_ours,10.1021/ACS.JCIM.1C00834,1092832,8931,54951,8931,Article
missing_from_ours,10.1021/ACS.JCIM.1C00834,1092832,8937,54951,8931,Article
missing_from_ours,10.1021/ACS.JCIM.1C00834,54951,8931,1092832,8931,Article
missing_from_ours,10.1021/ACS.JCIM.1C00834,54951,8931,1092832,8937,Article
missing_from_ours,10.1021/ACSANM.4C01524,163144,8942,436500,8942,Article
missing_from_ours,10.1021/ACSANM.4C01524,436500,8942,163144,8942,Article
missing_from_ours,10.1021/ACSESTENGG.0C00034,488068,8928,60109,8932,Article
missing_from_ours,10.1021/ACSESTENGG.0C00034,60109,8932,488068,8928,Article
missing_from_ours,10.1021/ACSESTWATER.0C00034,488068,8928,60109,8932,Article
missing_from_ours,10.1021/ACSESTWATER.0C00034,60109,8932,488068,8928,Article
missing_from_ours,10.1021/ACSOMEGA.4C08041,125401,8932,141156,8928,Article
missing_from_ours,10.1021/ACSOMEGA.4C08041,125401,8932,412250,8931,Article
missing_from_ours,10.1021/ACSOMEGA.4C08041,141156,8928,125401,8932,Article
missing_from_ours,10.1021/ACSOMEGA.4C08041,141156,8928,412250,8931,Article
missing_from_ours,10.1021/ACSOMEGA.4C08041,412250,8931,125401,8932,Article
missing_from_ours,10.1021/ACSOMEGA.4C08041,412250,8931,141156,8928,Article
missing_from_ours,10.1021/JACS.2C04948,14772,8932,488074,8932,Article
missing_from_ours,10.1021/JACS.2C04948,488074,8932,14772,8932,Article
missing_from_ours,10.1038/S41377-021-00519-4,104902,8950,51541,8950,Article
missing_from_ours,10.1038/S41377-021-00519-4,51541,8950,104902,8950,Article
missing_from_ours,10.1038/S41467-021-25672-7,50211,8929,779118,33503,Article
missing_from_ours,10.1038/S41467-021-25672-7,50211,8929,779118,8932,Article
missing_from_ours,10.1038/S41467-021-25672-7,50211,8929,779139,8929,Article
missing_from_ours,10.1038/S41467-021-25672-7,779118,33503,50211,8929,Article
missing_from_ours,10.1038/S41467-021-25672-7,779118,33503,779139,8929,Article
missing_from_ours,10.1038/S41467-021-25672-7,779118,8932,50211,8929,Article
missing_from_ours,10.1038/S41467-021-25672-7,779118,8932,779139,8929,Article
missing_from_ours,10.1038/S41467-021-25672-7,779139,8929,50211,8929,Article
missing_from_ours,10.1038/S41467-021-25672-7,779139,8929,779118,33503,Article
missing_from_ours,10.1038/S41467-021-25672-7,779139,8929,779118,8932,Article
missing_from_ours,10.1038/S41467-022-28397-3,1304708,33843,287149,33843,Article
missing_from_ours,10.1038/S41467-022-28397-3,1304708,33843,288982,33843,Article
missing_from_ours,10.1038/S41467-022-28397-3,287149,33843,1304708,33843,Article
missing_from_ours,10.1038/S41467-022-28397-3,287149,33843,288982,33843,Article
missing_from_ours,10.1038/S41467-022-28397-3,288982,33843,1304708,33843,Article
missing_from_ours,10.1038/S41467-022-28397-3,288982,33843,287149,33843,Article
missing_from_ours,10.1038/S41467-022-32333-W,152018,8929,53694,8937,Article
missing_from_ours,10.1038/S41467-022-32333-W,53694,8937,152018,8929,Article
missing_from_ours,10.1038/S41467-023-40559-5,370154,8928,412280,8944,Article
missing_from_ours,10.1038/S41467-023-40559-5,370154,8928,83316,8929,Article
missing_from_ours,10.1038/S41467-023-40559-5,412280,8944,370154,8928,Article
missing_from_ours,10.1038/S41467-023-40559-5,412280,8944,83316,8929,Article
missing_from_ours,10.1038/S41467-023-40559-5,83316,8929,370154,8928,Article
missing_from_ours,10.1038/S41467-023-40559-5,83316,8929,412280,8944,Article
missing_from_ours,10.1038/S41467-024-50181-8,170896,8930,827696,8945,Article
missing_from_ours,10.1038/S41467-024-50181-8,827696,8945,170896,8930,Article
missing_from_ours,10.1038/S41467-024-51527-Y,287297,8944,435117,8933,Article
missing_from_ours,10.1038/S41467-024-51527-Y,287297,8944,435117,8944,Article
missing_from_ours,10.1038/S41467-024-51527-Y,287297,8944,935577,8944,Article
missing_from_ours,10.1038/S41467-024-51527-Y,435117,8933,287297,8944,Article
missing_from_ours,10.1038/S41467-024-51527-Y,435117,8933,935577,8944,Article
missing_from_ours,10.1038/S41467-024-51527-Y,435117,8944,287297,8944,Article
missing_from_ours,10.1038/S41467-024-51527-Y,435117,8944,935577,8944,Article
missing_from_ours,10.1038/S41467-024-51527-Y,935577,8944,287297,8944,Article
missing_from_ours,10.1038/S41467-024-51527-Y,935577,8944,435117,8933,Article
missing_from_ours,10.1038/S41467-024-51527-Y,935577,8944,435117,8944,Article
missing_from_ours,10.1038/S41551-023-01006-4,46757,8929,58851,8928,Article
missing_from_ours,10.1038/S41551-023-01006-4,46757,8929,58851,8929,Article
missing_from_ours,10.1038/S41551-023-01006-4,46757,8929,58851,8931,Article
missing_from_ours,10.1038/S41551-023-01006-4,46757,8929,60069,8928,Article
missing_from_ours,10.1038/S41551-023-01006-4,46757,8929,827631,8928,Article
missing_from_ours,10.1038/S41551-023-01006-4,58851,8928,46757,8929,Article
missing_from_ours,10.1038/S41551-023-01006-4,58851,8928,60069,8928,Article
missing_from_ours,10.1038/S41551-023-01006-4,58851,8928,827631,8928,Article
missing_from_ours,10.1038/S41551-023-01006-4,58851,8929,46757,8929,Article
missing_from_ours,10.1038/S41551-023-01006-4,58851,8929,60069,8928,Article
missing_from_ours,10.1038/S41551-023-01006-4,58851,8929,827631,8928,Article
missing_from_ours,10.1038/S41551-023-01006-4,58851,8931,46757,8929,Article
missing_from_ours,10.1038/S41551-023-01006-4,58851,8931,60069,8928,Article
missing_from_ours,10.1038/S41551-023-01006-4,58851,8931,827631,8928,Article
missing_from_ours,10.1038/S41551-023-01006-4,60069,8928,46757,8929,Article
missing_from_ours,10.1038/S41551-023-01006-4,60069,8928,58851,8928,Article
missing_from_ours,10.1038/S41551-023-01006-4,60069,8928,58851,8929,Article
missing_from_ours,10.1038/S41551-023-01006-4,60069,8928,58851,8931,Article
missing_from_ours,10.1038/S41551-023-01006-4,60069,8928,827631,8928,Article
missing_from_ours,10.1038/S41551-023-01006-4,827631,8928,46757,8929,Article
missing_from_ours,10.1038/S41551-023-01006-4,827631,8928,58851,8928,Article
missing_from_ours,10.1038/S41551-023-01006-4,827631,8928,58851,8929,Article
missing_from_ours,10.1038/S41551-023-01006-4,827631,8928,58851,8931,Article
missing_from_ours,10.1038/S41551-023-01006-4,827631,8928,60069,8928,Article
missing_from_ours,10.1038/S41560-021-00819-4,136907,8942,287251,8942,Article
missing_from_ours,10.1038/S41560-021-00819-4,287251,8942,136907,8942,Article
missing_from_ours,10.1038/S41560-024-01517-7,14212,8937,6075,8932,Article
missing_from_ours,10.1038/S41560-024-01517-7,6075,8932,14212,8937,Article
missing_from_ours,10.1038/S41562-023-01676-9,540961,8930,856131,8941,Article
missing_from_ours,10.1038/S41562-023-01676-9,540961,8930,8842,8938,Article
missing_from_ours,10.1038/S41562-023-01676-9,540961,8930,8842,8951,Article
missing_from_ours,10.1038/S41562-023-01676-9,540961,8938,856131,8941,Article
missing_from_ours,10.1038/S41562-023-01676-9,540961,8938,8842,8938,Article
missing_from_ours,10.1038/S41562-023-01676-9,540961,8938,8842,8951,Article
missing_from_ours,10.1038/S41562-023-01676-9,540961,8941,856131,8941,Article
missing_from_ours,10.1038/S41562-023-01676-9,540961,8941,8842,8938,Article
missing_from_ours,10.1038/S41562-023-01676-9,540961,8941,8842,8951,Article
missing_from_ours,10.1038/S41562-023-01676-9,856131,8941,540961,8930,Article
missing_from_ours,10.1038/S41562-023-01676-9,856131,8941,540961,8938,Article
missing_from_ours,10.1038/S41562-023-01676-9,856131,8941,540961,8941,Article
missing_from_ours,10.1038/S41562-023-01676-9,856131,8941,8842,8938,Article
missing_from_ours,10.1038/S41562-023-01676-9,856131,8941,8842,8951,Article
missing_from_ours,10.1038/S41562-023-01676-9,8842,8938,540961,8930,Article
missing_from_ours,10.1038/S41562-023-01676-9,8842,8938,540961,8938,Article
missing_from_ours,10.1038/S41562-023-01676-9,8842,8938,540961,8941,Article
missing_from_ours,10.1038/S41562-023-01676-9,8842,8938,856131,8941,Article
missing_from_ours,10.1038/S41562-023-01676-9,8842,8951,540961,8930,Article
missing_from_ours,10.1038/S41562-023-01676-9,8842,8951,540961,8938,Article
missing_from_ours,10.1038/S41562-023-01676-9,8842,8951,540961,8941,Article
missing_from_ours,10.1038/S41562-023-01676-9,8842,8951,856131,8941,Article
missing_from_ours,10.1038/S41562-024-01945-1,540961,8930,8842,8938,Article
missing_from_ours,10.1038/S41562-024-01945-1,540961,8930,8842,8951,Article
missing_from_ours,10.1038/S41562-024-01945-1,540961,8938,8842,8938,Article
missing_from_ours,10.1038/S41562-024-01945-1,540961,8938,8842,8951,Article
missing_from_ours,10.1038/S41562-024-01945-1,540961,8941,8842,8938,Article
missing_from_ours,10.1038/S41562-024-01945-1,540961,8941,8842,8951,Article
missing_from_ours,10.1038/S41562-024-01945-1,8842,8938,540961,8930,Article
missing_from_ours,10.1038/S41562-024-01945-1,8842,8938,540961,8938,Article
missing_from_ours,10.1038/S41562-024-01945-1,8842,8938,540961,8941,Article
missing_from_ours,10.1038/S41562-024-01945-1,8842,8951,540961,8930,Article
missing_from_ours,10.1038/S41562-024-01945-1,8842,8951,540961,8938,Article
missing_from_ours,10.1038/S41562-024-01945-1,8842,8951,540961,8941,Article
missing_from_ours,10.1038/S41565-022-01109-0,113951,8937,151147,8937,Article
missing_from_ours,10.1038/S41565-022-01109-0,151147,8937,113951,8937,Article
missing_from_ours,10.1038/S41567-023-01992-X,116604,8950,120362,8950,Article
missing_from_ours,10.1038/S41567-023-01992-X,116604,8950,15477,8950,Article
missing_from_ours,10.1038/S41567-023-01992-X,116604,8950,30783,8950,Article
missing_from_ours,10.1038/S41567-023-01992-X,116604,8950,627165,8950,Article
missing_from_ours,10.1038/S41567-023-01992-X,116604,8950,827695,8950,Article
missing_from_ours,10.1038/S41567-023-01992-X,120362,8950,116604,8950,Article
missing_from_ours,10.1038/S41567-023-01992-X,120362,8950,15477,8950,Article
missing_from_ours,10.1038/S41567-023-01992-X,120362,8950,30783,8950,Article
missing_from_ours,10.1038/S41567-023-01992-X,120362,8950,627165,8950,Article
missing_from_ours,10.1038/S41567-023-01992-X,120362,8950,827695,8950,Article
missing_from_ours,10.1038/S41567-023-01992-X,15477,8950,116604,8950,Article
missing_from_ours,10.1038/S41567-023-01992-X,15477,8950,120362,8950,Article
missing_from_ours,10.1038/S41567-023-01992-X,15477,8950,30783,8950,Article
missing_from_ours,10.1038/S41567-023-01992-X,15477,8950,627165,8950,Article
missing_from_ours,10.1038/S41567-023-01992-X,15477,8950,827695,8950,Article
missing_from_ours,10.1038/S41567-023-01992-X,30783,8950,116604,8950,Article
missing_from_ours,10.1038/S41567-023-01992-X,30783,8950,120362,8950,Article
missing_from_ours,10.1038/S41567-023-01992-X,30783,8950,15477,8950,Article
missing_from_ours,10.1038/S41567-023-01992-X,30783,8950,627165,8950,Article
missing_from_ours,10.1038/S41567-023-01992-X,30783,8950,827695,8950,Article
missing_from_ours,10.1038/S41567-023-01992-X,627165,8950,116604,8950,Article
missing_from_ours,10.1038/S41567-023-01992-X,627165,8950,120362,8950,Article
missing_from_ours,10.1038/S41567-023-01992-X,627165,8950,15477,8950,Article
missing_from_ours,10.1038/S41567-023-01992-X,627165,8950,30783,8950,Article
missing_from_ours,10.1038/S41567-023-01992-X,627165,8950,827695,8950,Article
missing_from_ours,10.1038/S41567-023-01992-X,827695,8950,116604,8950,Article
missing_from_ours,10.1038/S41567-023-01992-X,827695,8950,120362,8950,Article
missing_from_ours,10.1038/S41567-023-01992-X,827695,8950,15477,8950,Article
missing_from_ours,10.1038/S41567-023-01992-X,827695,8950,30783,8950,Article
missing_from_ours,10.1038/S41567-023-01992-X,827695,8950,627165,8950,Article
missing_from_ours,10.1038/S41567-023-02368-X,116604,8950,120362,8950,Article
missing_from_ours,10.1038/S41567-023-02368-X,116604,8950,15477,8950,Article
missing_from_ours,10.1038/S41567-023-02368-X,116604,8950,30783,8950,Article
missing_from_ours,10.1038/S41567-023-02368-X,116604,8950,627165,8950,Article
missing_from_ours,10.1038/S41567-023-02368-X,116604,8950,827695,8950,Article
missing_from_ours,10.1038/S41567-023-02368-X,120362,8950,116604,8950,Article
missing_from_ours,10.1038/S41567-023-02368-X,120362,8950,15477,8950,Article
missing_from_ours,10.1038/S41567-023-02368-X,120362,8950,30783,8950,Article
missing_from_ours,10.1038/S41567-023-02368-X,120362,8950,627165,8950,Article
missing_from_ours,10.1038/S41567-023-02368-X,120362,8950,827695,8950,Article
missing_from_ours,10.1038/S41567-023-02368-X,15477,8950,116604,8950,Article
missing_from_ours,10.1038/S41567-023-02368-X,15477,8950,120362,8950,Article
missing_from_ours,10.1038/S41567-023-02368-X,15477,8950,30783,8950,Article
missing_from_ours,10.1038/S41567-023-02368-X,15477,8950,627165,8950,Article
missing_from_ours,10.1038/S41567-023-02368-X,15477,8950,827695,8950,Article
missing_from_ours,10.1038/S41567-023-02368-X,30783,8950,116604,8950,Article
missing_from_ours,10.1038/S41567-023-02368-X,30783,8950,120362,8950,Article
missing_from_ours,10.1038/S41567-023-02368-X,30783,8950,15477,8950,Article
missing_from_ours,10.1038/S41567-023-02368-X,30783,8950,627165,8950,Article
missing_from_ours,10.1038/S41567-023-02368-X,30783,8950,827695,8950,Article
missing_from_ours,10.1038/S41567-023-02368-X,627165,8950,116604,8950,Article
missing_from_ours,10.1038/S41567-023-02368-X,627165,8950,120362,8950,Article
missing_from_ours,10.1038/S41567-023-02368-X,627165,8950,15477,8950,Article
missing_from_ours,10.1038/S41567-023-02368-X,627165,8950,30783,8950,Article
missing_from_ours,10.1038/S41567-023-02368-X,627165,8950,827695,8950,Article
missing_from_ours,10.1038/S41567-023-02368-X,827695,8950,116604,8950,Article
missing_from_ours,10.1038/S41567-023-02368-X,827695,8950,120362,8950,Article
missing_from_ours,10.1038/S41567-023-02368-X,827695,8950,15477,8950,Article
missing_from_ours,10.1038/S41567-023-02368-X,827695,8950,30783,8950,Article
missing_from_ours,10.1038/S41567-023-02368-X,827695,8950,627165,8950,Article
missing_from_ours,10.1038/S41569-023-00982-Z,41191,8937,630658,33503,Article
missing_from_ours,10.1038/S41569-023-00982-Z,630658,33503,41191,8937,Article
missing_from_ours,10.1038/S41586-021-03191-1,412267,33503,412326,8930,Article
missing_from_ours,10.1038/S41586-021-03191-1,412267,8931,412326,8930,Article
missing_from_ours,10.1038/S41586-021-03191-1,412326,8930,412267,33503,Article
missing_from_ours,10.1038/S41586-021-03191-1,412326,8930,412267,8931,Article
missing_from_ours,10.1038/S41586-021-03397-3,1088692,33841,370187,33841,Article
missing_from_ours,10.1038/S41586-021-03397-3,370187,33841,1088692,33841,Article
missing_from_ours,10.1038/S41586-021-03464-9,1088692,33841,370187,33841,Article
missing_from_ours,10.1038/S41586-021-03464-9,370187,33841,1088692,33841,Article
missing_from_ours,10.1038/S41586-021-04149-Z,412247,8929,627127,33503,Article
missing_from_ours,10.1038/S41586-021-04149-Z,412247,8929,627127,8930,Article
missing_from_ours,10.1038/S41586-021-04149-Z,412247,8929,627127,8931,Article
missing_from_ours,10.1038/S41586-021-04149-Z,627127,33503,412247,8929,Article
missing_from_ours,10.1038/S41586-021-04149-Z,627127,8930,412247,8929,Article
missing_from_ours,10.1038/S41586-021-04149-Z,627127,8931,412247,8929,Article
missing_from_ours,10.1038/S41586-021-04226-3,135419,8928,44443,8937,Article
missing_from_ours,10.1038/S41586-021-04226-3,135419,8928,50192,8937,Article
missing_from_ours,10.1038/S41586-021-04226-3,135419,8928,50192,8938,Article
missing_from_ours,10.1038/S41586-021-04226-3,135419,8928,53694,8937,Article
missing_from_ours,10.1038/S41586-021-04226-3,135419,8929,44443,8937,Article
missing_from_ours,10.1038/S41586-021-04226-3,135419,8929,50192,8937,Article
missing_from_ours,10.1038/S41586-021-04226-3,135419,8929,50192,8938,Article
missing_from_ours,10.1038/S41586-021-04226-3,135419,8929,53694,8937,Article
missing_from_ours,10.1038/S41586-021-04226-3,44443,8937,135419,8928,Article
missing_from_ours,10.1038/S41586-021-04226-3,44443,8937,135419,8929,Article
missing_from_ours,10.1038/S41586-021-04226-3,44443,8937,50192,8937,Article
missing_from_ours,10.1038/S41586-021-04226-3,44443,8937,50192,8938,Article
missing_from_ours,10.1038/S41586-021-04226-3,44443,8937,53694,8937,Article
missing_from_ours,10.1038/S41586-021-04226-3,50192,8937,135419,8928,Article
missing_from_ours,10.1038/S41586-021-04226-3,50192,8937,135419,8929,Article
missing_from_ours,10.1038/S41586-021-04226-3,50192,8937,44443,8937,Article
missing_from_ours,10.1038/S41586-021-04226-3,50192,8937,53694,8937,Article
missing_from_ours,10.1038/S41586-021-04226-3,50192,8938,135419,8928,Article
missing_from_ours,10.1038/S41586-021-04226-3,50192,8938,135419,8929,Article
missing_from_ours,10.1038/S41586-021-04226-3,50192,8938,44443,8937,Article
missing_from_ours,10.1038/S41586-021-04226-3,50192,8938,53694,8937,Article
missing_from_ours,10.1038/S41586-021-04226-3,53694,8937,135419,8928,Article
missing_from_ours,10.1038/S41586-021-04226-3,53694,8937,135419,8929,Article
missing_from_ours,10.1038/S41586-021-04226-3,53694,8937,44443,8937,Article
missing_from_ours,10.1038/S41586-021-04226-3,53694,8937,50192,8937,Article
missing_from_ours,10.1038/S41586-021-04226-3,53694,8937,50192,8938,Article
missing_from_ours,10.1038/S41586-022-05321-9,488113,33836,544617,33842,Article
missing_from_ours,10.1038/S41586-022-05321-9,544617,33842,488113,33836,Article
missing_from_ours,10.1038/S41586-022-05599-9,152018,8929,53694,8937,Article
missing_from_ours,10.1038/S41586-022-05599-9,53694,8937,152018,8929,Article
missing_from_ours,10.1038/S41586-023-06108-2,143520,8950,827646,8950,Article
missing_from_ours,10.1038/S41586-023-06108-2,827646,8950,143520,8950,Article
missing_from_ours,10.1038/S41586-023-06164-8,116604,8950,120362,8950,Article
missing_from_ours,10.1038/S41586-023-06164-8,116604,8950,15477,8950,Article
missing_from_ours,10.1038/S41586-023-06164-8,116604,8950,30783,8950,Article
missing_from_ours,10.1038/S41586-023-06164-8,116604,8950,627165,8950,Article
missing_from_ours,10.1038/S41586-023-06164-8,116604,8950,827695,8950,Article
missing_from_ours,10.1038/S41586-023-06164-8,120362,8950,116604,8950,Article
missing_from_ours,10.1038/S41586-023-06164-8,120362,8950,15477,8950,Article
missing_from_ours,10.1038/S41586-023-06164-8,120362,8950,30783,8950,Article
missing_from_ours,10.1038/S41586-023-06164-8,120362,8950,627165,8950,Article
missing_from_ours,10.1038/S41586-023-06164-8,120362,8950,827695,8950,Article
missing_from_ours,10.1038/S41586-023-06164-8,15477,8950,116604,8950,Article
missing_from_ours,10.1038/S41586-023-06164-8,15477,8950,120362,8950,Article
missing_from_ours,10.1038/S41586-023-06164-8,15477,8950,30783,8950,Article
missing_from_ours,10.1038/S41586-023-06164-8,15477,8950,627165,8950,Article
missing_from_ours,10.1038/S41586-023-06164-8,15477,8950,827695,8950,Article
missing_from_ours,10.1038/S41586-023-06164-8,30783,8950,116604,8950,Article
missing_from_ours,10.1038/S41586-023-06164-8,30783,8950,120362,8950,Article
missing_from_ours,10.1038/S41586-023-06164-8,30783,8950,15477,8950,Article
missing_from_ours,10.1038/S41586-023-06164-8,30783,8950,627165,8950,Article
missing_from_ours,10.1038/S41586-023-06164-8,30783,8950,827695,8950,Article
missing_from_ours,10.1038/S41586-023-06164-8,627165,8950,116604,8950,Article
missing_from_ours,10.1038/S41586-023-06164-8,627165,8950,120362,8950,Article
missing_from_ours,10.1038/S41586-023-06164-8,627165,8950,15477,8950,Article
missing_from_ours,10.1038/S41586-023-06164-8,627165,8950,30783,8950,Article
missing_from_ours,10.1038/S41586-023-06164-8,627165,8950,827695,8950,Article
missing_from_ours,10.1038/S41586-023-06164-8,827695,8950,116604,8950,Article
missing_from_ours,10.1038/S41586-023-06164-8,827695,8950,120362,8950,Article
missing_from_ours,10.1038/S41586-023-06164-8,827695,8950,15477,8950,Article
missing_from_ours,10.1038/S41586-023-06164-8,827695,8950,30783,8950,Article
missing_from_ours,10.1038/S41586-023-06164-8,827695,8950,627165,8950,Article
missing_from_ours,10.1038/S41586-023-06263-6,176362,8930,816039,8930,Article
missing_from_ours,10.1038/S41586-023-06263-6,816039,8930,176362,8930,Article
missing_from_ours,10.1038/S41586-024-07737-X,34519,8930,627125,8930,Article
missing_from_ours,10.1038/S41586-024-07737-X,627125,8930,34519,8930,Article
missing_from_ours,10.1038/S41586-024-08434-5,176373,8930,53694,8937,Article
missing_from_ours,10.1038/S41586-024-08434-5,53694,8937,176373,8930,Article
missing_from_ours,10.1038/S41588-023-01315-Z,152018,8929,53694,8937,Article
missing_from_ours,10.1038/S41588-023-01315-Z,53694,8937,152018,8929,Article
missing_from_ours,10.1038/S41588-023-01318-W,152018,8929,53694,8937,Article
missing_from_ours,10.1038/S41588-023-01318-W,53694,8937,152018,8929,Article
missing_from_ours,10.1038/S41589-023-01491-3,100462,8929,7865,33503,Article
missing_from_ours,10.1038/S41589-023-01491-3,100462,8929,7865,8937,Article
missing_from_ours,10.1038/S41589-023-01491-3,7865,33503,100462,8929,Article
missing_from_ours,10.1038/S41589-023-01491-3,7865,8937,100462,8929,Article
missing_from_ours,10.1038/S41591-021-01250-8,176373,8930,53694,8937,Article
missing_from_ours,10.1038/S41591-021-01250-8,53694,8937,176373,8930,Article
missing_from_ours,10.1038/S41593-023-01507-0,176373,8930,53694,8937,Article
missing_from_ours,10.1038/S41593-023-01507-0,53694,8937,176373,8930,Article
missing_from_ours,10.1038/S41593-024-01584-9,176367,8930,412326,8930,Article
missing_from_ours,10.1038/S41593-024-01584-9,412326,8930,176367,8930,Article
missing_from_ours,10.1038/S41597-023-01945-2,154841,33503,630714,33503,Article
missing_from_ours,10.1038/S41597-023-01945-2,630714,33503,154841,33503,Article
missing_from_ours,10.1038/S41597-023-02136-9,154841,33503,630714,33503,Article
missing_from_ours,10.1038/S41597-023-02136-9,630714,33503,154841,33503,Article
missing_from_ours,10.1038/S41928-021-00572-2,169255,8937,488080,8937,Article
missing_from_ours,10.1038/S41928-021-00572-2,169255,8937,488080,8944,Article
missing_from_ours,10.1038/S41928-021-00572-2,488080,8937,169255,8937,Article
missing_from_ours,10.1038/S41928-021-00572-2,488080,8944,169255,8937,Article
missing_from_ours,10.1038/S41928-023-01101-Z,19111,8937,827696,8945,Article
missing_from_ours,10.1038/S41928-023-01101-Z,827696,8945,19111,8937,Article
missing_from_ours,10.1038/S43018-021-00283-9,412247,8929,48264,8929,Article
missing_from_ours,10.1038/S43018-021-00283-9,48264,8929,412247,8929,Article
missing_from_ours,10.1039/D1EE90017J,288070,8950,412265,8938,Article
missing_from_ours,10.1039/D1EE90017J,412265,8938,288070,8950,Article
missing_from_ours,10.1039/D2EA90009B,161150,8935,412239,8926,Article
missing_from_ours,10.1039/D2EA90009B,161150,8935,940145,8926,Article
missing_from_ours,10.1039/D2EA90009B,412239,8926,161150,8935,Article
missing_from_ours,10.1039/D2EA90009B,412239,8926,940145,8926,Article
missing_from_ours,10.1039/D2EA90009B,940145,8926,161150,8935,Article
missing_from_ours,10.1039/D2EA90009B,940145,8926,412239,8926,Article
missing_from_ours,10.1073/PNAS.2114995118,100462,8929,288069,8929,Article
missing_from_ours,10.1073/PNAS.2114995118,288069,8929,100462,8929,Article
missing_from_ours,10.1086/718327,131945,8936,286887,8936,Article
missing_from_ours,10.1086/718327,131945,8936,286887,8938,Article
missing_from_ours,10.1086/718327,286887,8936,131945,8936,Article
missing_from_ours,10.1086/718327,286887,8938,131945,8936,Article
missing_from_ours,10.1090/NOTI2290,544523,8943,86769,8943,Article
missing_from_ours,10.1090/NOTI2290,86769,8943,544523,8943,Article
missing_from_ours,10.1093/INFDIS/JIAD334,144921,8928,176238,33503,Article
missing_from_ours,10.1093/INFDIS/JIAD334,144921,8944,176238,33503,Article
missing_from_ours,10.1093/INFDIS/JIAD334,176238,33503,144921,8928,Article
missing_from_ours,10.1093/INFDIS/JIAD334,176238,33503,144921,8944,Article
missing_from_ours,10.1093/JPIDS/PIAA170.042,176238,33503,779118,33503,Article
missing_from_ours,10.1093/JPIDS/PIAA170.042,176238,33503,779118,8932,Article
missing_from_ours,10.1093/JPIDS/PIAA170.042,779118,33503,176238,33503,Article
missing_from_ours,10.1093/JPIDS/PIAA170.042,779118,8932,176238,33503,Article
missing_from_ours,10.1093/JPIDS/PIAB031.025,176238,33503,779118,33503,Article
missing_from_ours,10.1093/JPIDS/PIAB031.025,176238,33503,779118,8932,Article
missing_from_ours,10.1093/JPIDS/PIAB031.025,779118,33503,176238,33503,Article
missing_from_ours,10.1093/JPIDS/PIAB031.025,779118,8932,176238,33503,Article
missing_from_ours,10.1093/MAM/OZAE044.539,789757,8942,884356,8942,Article
missing_from_ours,10.1093/MAM/OZAE044.539,884356,8942,789757,8942,Article
missing_from_ours,10.1093/MAM/OZAE044.808,136907,8942,884356,8942,Article
missing_from_ours,10.1093/MAM/OZAE044.808,884356,8942,136907,8942,Article
missing_from_ours,10.1093/MAM/OZAE044.916,436500,8942,90491,8942,Article
missing_from_ours,10.1093/MAM/OZAE044.916,90491,8942,436500,8942,Article
missing_from_ours,10.1093/MICMIC/OZAD067.650,165211,8932,436500,8942,Article
missing_from_ours,10.1093/MICMIC/OZAD067.650,165211,8942,436500,8942,Article
missing_from_ours,10.1093/MICMIC/OZAD067.650,165211,8944,436500,8942,Article
missing_from_ours,10.1093/MICMIC/OZAD067.650,436500,8942,165211,8932,Article
missing_from_ours,10.1093/MICMIC/OZAD067.650,436500,8942,165211,8942,Article
missing_from_ours,10.1093/MICMIC/OZAD067.650,436500,8942,165211,8944,Article
missing_from_ours,10.1093/MICMIC/OZAD067.894,436500,8942,789757,8942,Article
missing_from_ours,10.1093/MICMIC/OZAD067.894,789757,8942,436500,8942,Article
missing_from_ours,10.1093/NEUONC/NOAB196.792,176486,8928,50211,8929,Article
missing_from_ours,10.1093/NEUONC/NOAB196.792,176486,8944,50211,8929,Article
missing_from_ours,10.1093/NEUONC/NOAB196.792,50211,8929,176486,8928,Article
missing_from_ours,10.1093/NEUONC/NOAB196.792,50211,8929,176486,8944,Article
missing_from_ours,10.1096/FASEBJ.2022.36.S1.R2341,175862,8929,178332,8932,Article
missing_from_ours,10.1096/FASEBJ.2022.36.S1.R2341,175862,8932,178332,8932,Article
missing_from_ours,10.1096/FASEBJ.2022.36.S1.R2341,178332,8932,175862,8929,Article
missing_from_ours,10.1096/FASEBJ.2022.36.S1.R2341,178332,8932,175862,8932,Article
missing_from_ours,10.1097/CCM.0000000000005648,154841,33503,630714,33503,Article
missing_from_ours,10.1097/CCM.0000000000005648,630714,33503,154841,33503,Article
missing_from_ours,10.1103/PHYSREVC.107.049903,156681,8950,78527,8950,Article
missing_from_ours,10.1103/PHYSREVC.107.049903,78527,8950,156681,8950,Article
missing_from_ours,10.1103/PHYSREVD.104.109903,544569,8950,67570,8950,Article
missing_from_ours,10.1103/PHYSREVD.104.109903,544569,8950,827691,8950,Article
missing_from_ours,10.1103/PHYSREVD.104.109903,544569,8950,837222,8944,Article
missing_from_ours,10.1103/PHYSREVD.104.109903,67570,8950,544569,8950,Article
missing_from_ours,10.1103/PHYSREVD.104.109903,67570,8950,827691,8950,Article
missing_from_ours,10.1103/PHYSREVD.104.109903,67570,8950,837222,8944,Article
missing_from_ours,10.1103/PHYSREVD.104.109903,827691,8950,544569,8950,Article
missing_from_ours,10.1103/PHYSREVD.104.109903,827691,8950,67570,8950,Article
missing_from_ours,10.1103/PHYSREVD.104.109903,827691,8950,837222,8944,Article
missing_from_ours,10.1103/PHYSREVD.104.109903,837222,8944,544569,8950,Article
missing_from_ours,10.1103/PHYSREVD.104.109903,837222,8944,67570,8950,Article
missing_from_ours,10.1103/PHYSREVD.104.109903,837222,8944,827691,8950,Article
missing_from_ours,10.1103/PHYSREVD.110.119904,28897,8950,827409,8950,Article
missing_from_ours,10.1103/PHYSREVD.110.119904,827409,8950,28897,8950,Article
missing_from_ours,10.1109/CLEO/EUROPE-EQEC52157.2021.9542401,151147,8937,261298,8937,Conference Proceeding
missing_from_ours,10.1109/CLEO/EUROPE-EQEC52157.2021.9542401,261298,8937,151147,8937,Conference Proceeding
missing_from_ours,10.1109/INTERMAGSHORTPAPERS58606.2023.10228723,163144,8942,287087,8942,Conference Proceeding
missing_from_ours,10.1109/INTERMAGSHORTPAPERS58606.2023.10228723,287087,8942,163144,8942,Conference Proceeding
missing_from_ours,10.1109/OCEANSLIMERICK52467.2023.10244514,51803,8944,60042,8944,Conference Proceeding
missing_from_ours,10.1109/OCEANSLIMERICK52467.2023.10244514,60042,8944,51803,8944,Conference Proceeding
missing_from_ours,10.1109/TED.2024.3450435,138781,8937,9467,8937,Article
missing_from_ours,10.1109/TED.2024.3450435,9467,8937,138781,8937,Article
missing_from_ours,10.1109/VLSITECHNOLOGYANDCIR46769.2022.9830365,152464,8937,19111,8937,Conference Proceeding
missing_from_ours,10.1109/VLSITECHNOLOGYANDCIR46769.2022.9830365,19111,8937,152464,8937,Conference Proceeding
missing_from_ours,10.1121/10.0005322,370210,33840,919191,33840,Article
missing_from_ours,10.1121/10.0005322,919191,33840,370210,33840,Article
missing_from_ours,10.1121/10.0007701,370210,33840,488120,33840,Article
missing_from_ours,10.1121/10.0007701,488120,33840,370210,33840,Article
missing_from_ours,10.1121/10.0007815,370210,33840,919191,33840,Article
missing_from_ours,10.1121/10.0007815,919191,33840,370210,33840,Article
missing_from_ours,10.1121/10.0007970,370210,33840,919191,33840,Article
missing_from_ours,10.1121/10.0007970,919191,33840,370210,33840,Article
missing_from_ours,10.1121/10.0007979,288409,33840,370199,33843,Article
missing_from_ours,10.1121/10.0007979,288409,33840,370210,33840,Article
missing_from_ours,10.1121/10.0007979,288409,33840,488120,33840,Article
missing_from_ours,10.1121/10.0007979,370199,33843,288409,33840,Article
missing_from_ours,10.1121/10.0007979,370199,33843,370210,33840,Article
missing_from_ours,10.1121/10.0007979,370199,33843,488120,33840,Article
missing_from_ours,10.1121/10.0007979,370210,33840,288409,33840,Article
missing_from_ours,10.1121/10.0007979,370210,33840,370199,33843,Article
missing_from_ours,10.1121/10.0007979,370210,33840,488120,33840,Article
missing_from_ours,10.1121/10.0007979,488120,33840,288409,33840,Article
missing_from_ours,10.1121/10.0007979,488120,33840,370199,33843,Article
missing_from_ours,10.1121/10.0007979,488120,33840,370210,33840,Article
missing_from_ours,10.1121/10.0008295,370210,33840,919191,33840,Article
missing_from_ours,10.1121/10.0008295,919191,33840,370210,33840,Article
missing_from_ours,10.1121/10.0008456,919191,33840,919195,33840,Article
missing_from_ours,10.1121/10.0008456,919195,33840,919191,33840,Article
missing_from_ours,10.1121/10.0008558,288409,33840,488120,33840,Article
missing_from_ours,10.1121/10.0008558,488120,33840,288409,33840,Article
missing_from_ours,10.1121/10.0010616,370199,33843,370210,33840,Article
missing_from_ours,10.1121/10.0010616,370199,33843,488120,33840,Article
missing_from_ours,10.1121/10.0010616,370210,33840,370199,33843,Article
missing_from_ours,10.1121/10.0010616,370210,33840,488120,33840,Article
missing_from_ours,10.1121/10.0010616,488120,33840,370199,33843,Article
missing_from_ours,10.1121/10.0010616,488120,33840,370210,33840,Article
missing_from_ours,10.1121/10.0011019,370210,33840,488120,33840,Article
missing_from_ours,10.1121/10.0011019,488120,33840,370210,33840,Article
missing_from_ours,10.1121/10.0015418,370195,33840,370199,33843,Article
missing_from_ours,10.1121/10.0015418,370195,33840,370210,33840,Article
missing_from_ours,10.1121/10.0015418,370199,33843,370195,33840,Article
missing_from_ours,10.1121/10.0015418,370199,33843,370210,33840,Article
missing_from_ours,10.1121/10.0015418,370210,33840,370195,33840,Article
missing_from_ours,10.1121/10.0015418,370210,33840,370199,33843,Article
missing_from_ours,10.1121/10.0015423,288409,33840,370199,33843,Article
missing_from_ours,10.1121/10.0015423,288409,33840,370210,33840,Article
missing_from_ours,10.1121/10.0015423,288409,33840,488120,33840,Article
missing_from_ours,10.1121/10.0015423,370199,33843,288409,33840,Article
missing_from_ours,10.1121/10.0015423,370199,33843,370210,33840,Article
missing_from_ours,10.1121/10.0015423,370199,33843,488120,33840,Article
missing_from_ours,10.1121/10.0015423,370210,33840,288409,33840,Article
missing_from_ours,10.1121/10.0015423,370210,33840,370199,33843,Article
missing_from_ours,10.1121/10.0015423,370210,33840,488120,33840,Article
missing_from_ours,10.1121/10.0015423,488120,33840,288409,33840,Article
missing_from_ours,10.1121/10.0015423,488120,33840,370199,33843,Article
missing_from_ours,10.1121/10.0015423,488120,33840,370210,33840,Article
missing_from_ours,10.1121/10.0015424,370199,33843,370210,33840,Article
missing_from_ours,10.1121/10.0015424,370210,33840,370199,33843,Article
missing_from_ours,10.1121/10.0015425,288409,33840,370199,33843,Article
missing_from_ours,10.1121/10.0015425,288409,33840,370210,33840,Article
missing_from_ours,10.1121/10.0015425,370199,33843,288409,33840,Article
missing_from_ours,10.1121/10.0015425,370199,33843,370210,33840,Article
missing_from_ours,10.1121/10.0015425,370210,33840,288409,33840,Article
missing_from_ours,10.1121/10.0015425,370210,33840,370199,33843,Article
missing_from_ours,10.1121/10.0015428,288409,33840,370210,33840,Article
missing_from_ours,10.1121/10.0015428,370210,33840,288409,33840,Article
missing_from_ours,10.1121/10.0015484,370195,33840,370199,33843,Article
missing_from_ours,10.1121/10.0015484,370195,33840,370210,33840,Article
missing_from_ours,10.1121/10.0015484,370195,33840,488120,33840,Article
missing_from_ours,10.1121/10.0015484,370195,33840,53496,8944,Article
missing_from_ours,10.1121/10.0015484,370199,33843,370195,33840,Article
missing_from_ours,10.1121/10.0015484,370199,33843,370210,33840,Article
missing_from_ours,10.1121/10.0015484,370199,33843,488120,33840,Article
missing_from_ours,10.1121/10.0015484,370199,33843,53496,8944,Article
missing_from_ours,10.1121/10.0015484,370210,33840,370195,33840,Article
missing_from_ours,10.1121/10.0015484,370210,33840,370199,33843,Article
missing_from_ours,10.1121/10.0015484,370210,33840,488120,33840,Article
missing_from_ours,10.1121/10.0015484,370210,33840,53496,8944,Article
missing_from_ours,10.1121/10.0015484,488120,33840,370195,33840,Article
missing_from_ours,10.1121/10.0015484,488120,33840,370199,33843,Article
missing_from_ours,10.1121/10.0015484,488120,33840,370210,33840,Article
missing_from_ours,10.1121/10.0015484,488120,33840,53496,8944,Article
missing_from_ours,10.1121/10.0015484,53496,8944,370195,33840,Article
missing_from_ours,10.1121/10.0015484,53496,8944,370199,33843,Article
missing_from_ours,10.1121/10.0015484,53496,8944,370210,33840,Article
missing_from_ours,10.1121/10.0015484,53496,8944,488120,33840,Article
missing_from_ours,10.1121/10.0015974,919191,33840,919195,33840,Article
missing_from_ours,10.1121/10.0015974,919195,33840,919191,33840,Article
missing_from_ours,10.1121/10.0018933,370199,33843,370210,33840,Article
missing_from_ours,10.1121/10.0018933,370210,33840,370199,33843,Article
missing_from_ours,10.1121/10.0026936,2157260,33840,488109,33836,Article
missing_from_ours,10.1121/10.0026936,2157260,33840,544624,33841,Article
missing_from_ours,10.1121/10.0026936,488109,33836,2157260,33840,Article
missing_from_ours,10.1121/10.0026936,488109,33836,544624,33841,Article
missing_from_ours,10.1121/10.0026936,544624,33841,2157260,33840,Article
missing_from_ours,10.1121/10.0026936,544624,33841,488109,33836,Article
missing_from_ours,10.1121/10.0026941,288409,33840,370210,33840,Article
missing_from_ours,10.1121/10.0026941,370210,33840,288409,33840,Article
missing_from_ours,10.1121/10.0027256,488109,33836,544624,33841,Article
missing_from_ours,10.1121/10.0027256,544624,33841,488109,33836,Article
missing_from_ours,10.1121/10.0027257,488109,33836,544624,33841,Article
missing_from_ours,10.1121/10.0027257,544624,33841,488109,33836,Article
missing_from_ours,10.1128/MSYSTEMS.00120-24,20948,8929,288370,33836,Article
missing_from_ours,10.1128/MSYSTEMS.00120-24,20948,8933,288370,33836,Article
missing_from_ours,10.1128/MSYSTEMS.00120-24,288370,33836,20948,8929,Article
missing_from_ours,10.1128/MSYSTEMS.00120-24,288370,33836,20948,8933,Article
missing_from_ours,10.1136/JITC-2021-SITC2021.303,115935,8928,63580,8931,Article
missing_from_ours,10.1136/JITC-2021-SITC2021.303,115935,8928,827663,8929,Article
missing_from_ours,10.1136/JITC-2021-SITC2021.303,115935,8931,63580,8931,Article
missing_from_ours,10.1136/JITC-2021-SITC2021.303,115935,8931,827663,8929,Article
missing_from_ours,10.1136/JITC-2021-SITC2021.303,63580,8931,115935,8928,Article
missing_from_ours,10.1136/JITC-2021-SITC2021.303,63580,8931,115935,8931,Article
missing_from_ours,10.1136/JITC-2021-SITC2021.303,63580,8931,827663,8929,Article
missing_from_ours,10.1136/JITC-2021-SITC2021.303,827663,8929,115935,8928,Article
missing_from_ours,10.1136/JITC-2021-SITC2021.303,827663,8929,115935,8931,Article
missing_from_ours,10.1136/JITC-2021-SITC2021.303,827663,8929,63580,8931,Article
missing_from_ours,10.1136/JITC-2021-SITC2021.683,115935,8928,827663,8929,Article
missing_from_ours,10.1136/JITC-2021-SITC2021.683,115935,8931,827663,8929,Article
missing_from_ours,10.1136/JITC-2021-SITC2021.683,827663,8929,115935,8928,Article
missing_from_ours,10.1136/JITC-2021-SITC2021.683,827663,8929,115935,8931,Article
missing_from_ours,10.1136/JITC-2021-SITC2021.721,115935,8928,60069,8928,Article
missing_from_ours,10.1136/JITC-2021-SITC2021.721,115935,8931,60069,8928,Article
missing_from_ours,10.1136/JITC-2021-SITC2021.721,60069,8928,115935,8928,Article
missing_from_ours,10.1136/JITC-2021-SITC2021.721,60069,8928,115935,8931,Article
missing_from_ours,10.1136/JITC-2021-SITC2021.738,115935,8928,60069,8928,Article
missing_from_ours,10.1136/JITC-2021-SITC2021.738,115935,8931,60069,8928,Article
missing_from_ours,10.1136/JITC-2021-SITC2021.738,60069,8928,115935,8928,Article
missing_from_ours,10.1136/JITC-2021-SITC2021.738,60069,8928,115935,8931,Article
missing_from_ours,10.1136/JITC-2021-SITC2021.766,488073,8932,60069,8928,Article
missing_from_ours,10.1136/JITC-2021-SITC2021.766,488073,8932,827663,8929,Article
missing_from_ours,10.1136/JITC-2021-SITC2021.766,60069,8928,488073,8932,Article
missing_from_ours,10.1136/JITC-2021-SITC2021.766,60069,8928,827663,8929,Article
missing_from_ours,10.1136/JITC-2021-SITC2021.766,827663,8929,488073,8932,Article
missing_from_ours,10.1136/JITC-2021-SITC2021.766,827663,8929,60069,8928,Article
missing_from_ours,10.1140/EPJC/S10052-021-08863-W,116604,8950,120362,8950,Article
missing_from_ours,10.1140/EPJC/S10052-021-08863-W,116604,8950,15477,8950,Article
missing_from_ours,10.1140/EPJC/S10052-021-08863-W,116604,8950,30783,8950,Article
missing_from_ours,10.1140/EPJC/S10052-021-08863-W,116604,8950,627165,8950,Article
missing_from_ours,10.1140/EPJC/S10052-021-08863-W,116604,8950,827695,8950,Article
missing_from_ours,10.1140/EPJC/S10052-021-08863-W,116604,8950,836518,8950,Article
missing_from_ours,10.1140/EPJC/S10052-021-08863-W,120362,8950,116604,8950,Article
missing_from_ours,10.1140/EPJC/S10052-021-08863-W,120362,8950,15477,8950,Article
missing_from_ours,10.1140/EPJC/S10052-021-08863-W,120362,8950,30783,8950,Article
missing_from_ours,10.1140/EPJC/S10052-021-08863-W,120362,8950,627165,8950,Article
missing_from_ours,10.1140/EPJC/S10052-021-08863-W,120362,8950,827695,8950,Article
missing_from_ours,10.1140/EPJC/S10052-021-08863-W,120362,8950,836518,8950,Article
missing_from_ours,10.1140/EPJC/S10052-021-08863-W,15477,8950,116604,8950,Article
missing_from_ours,10.1140/EPJC/S10052-021-08863-W,15477,8950,120362,8950,Article
missing_from_ours,10.1140/EPJC/S10052-021-08863-W,15477,8950,30783,8950,Article
missing_from_ours,10.1140/EPJC/S10052-021-08863-W,15477,8950,627165,8950,Article
missing_from_ours,10.1140/EPJC/S10052-021-08863-W,15477,8950,827695,8950,Article
missing_from_ours,10.1140/EPJC/S10052-021-08863-W,15477,8950,836518,8950,Article
missing_from_ours,10.1140/EPJC/S10052-021-08863-W,30783,8950,116604,8950,Article
missing_from_ours,10.1140/EPJC/S10052-021-08863-W,30783,8950,120362,8950,Article
missing_from_ours,10.1140/EPJC/S10052-021-08863-W,30783,8950,15477,8950,Article
missing_from_ours,10.1140/EPJC/S10052-021-08863-W,30783,8950,627165,8950,Article
missing_from_ours,10.1140/EPJC/S10052-021-08863-W,30783,8950,827695,8950,Article
missing_from_ours,10.1140/EPJC/S10052-021-08863-W,30783,8950,836518,8950,Article
missing_from_ours,10.1140/EPJC/S10052-021-08863-W,627165,8950,116604,8950,Article
missing_from_ours,10.1140/EPJC/S10052-021-08863-W,627165,8950,120362,8950,Article
missing_from_ours,10.1140/EPJC/S10052-021-08863-W,627165,8950,15477,8950,Article
missing_from_ours,10.1140/EPJC/S10052-021-08863-W,627165,8950,30783,8950,Article
missing_from_ours,10.1140/EPJC/S10052-021-08863-W,627165,8950,827695,8950,Article
missing_from_ours,10.1140/EPJC/S10052-021-08863-W,627165,8950,836518,8950,Article
missing_from_ours,10.1140/EPJC/S10052-021-08863-W,827695,8950,116604,8950,Article
missing_from_ours,10.1140/EPJC/S10052-021-08863-W,827695,8950,120362,8950,Article
missing_from_ours,10.1140/EPJC/S10052-021-08863-W,827695,8950,15477,8950,Article
missing_from_ours,10.1140/EPJC/S10052-021-08863-W,827695,8950,30783,8950,Article
missing_from_ours,10.1140/EPJC/S10052-021-08863-W,827695,8950,627165,8950,Article
missing_from_ours,10.1140/EPJC/S10052-021-08863-W,827695,8950,836518,8950,Article
missing_from_ours,10.1140/EPJC/S10052-021-08863-W,836518,8950,116604,8950,Article
missing_from_ours,10.1140/EPJC/S10052-021-08863-W,836518,8950,120362,8950,Article
missing_from_ours,10.1140/EPJC/S10052-021-08863-W,836518,8950,15477,8950,Article
missing_from_ours,10.1140/EPJC/S10052-021-08863-W,836518,8950,30783,8950,Article
missing_from_ours,10.1140/EPJC/S10052-021-08863-W,836518,8950,627165,8950,Article
missing_from_ours,10.1140/EPJC/S10052-021-08863-W,836518,8950,827695,8950,Article
missing_from_ours,10.1140/EPJC/S10052-021-08959-3,116604,8950,120362,8950,Article
missing_from_ours,10.1140/EPJC/S10052-021-08959-3,116604,8950,15477,8950,Article
missing_from_ours,10.1140/EPJC/S10052-021-08959-3,116604,8950,30783,8950,Article
missing_from_ours,10.1140/EPJC/S10052-021-08959-3,116604,8950,627165,8950,Article
missing_from_ours,10.1140/EPJC/S10052-021-08959-3,116604,8950,827695,8950,Article
missing_from_ours,10.1140/EPJC/S10052-021-08959-3,120362,8950,116604,8950,Article
missing_from_ours,10.1140/EPJC/S10052-021-08959-3,120362,8950,15477,8950,Article
missing_from_ours,10.1140/EPJC/S10052-021-08959-3,120362,8950,30783,8950,Article
missing_from_ours,10.1140/EPJC/S10052-021-08959-3,120362,8950,627165,8950,Article
missing_from_ours,10.1140/EPJC/S10052-021-08959-3,120362,8950,827695,8950,Article
missing_from_ours,10.1140/EPJC/S10052-021-08959-3,15477,8950,116604,8950,Article
missing_from_ours,10.1140/EPJC/S10052-021-08959-3,15477,8950,120362,8950,Article
missing_from_ours,10.1140/EPJC/S10052-021-08959-3,15477,8950,30783,8950,Article
missing_from_ours,10.1140/EPJC/S10052-021-08959-3,15477,8950,627165,8950,Article
missing_from_ours,10.1140/EPJC/S10052-021-08959-3,15477,8950,827695,8950,Article
missing_from_ours,10.1140/EPJC/S10052-021-08959-3,30783,8950,116604,8950,Article
missing_from_ours,10.1140/EPJC/S10052-021-08959-3,30783,8950,120362,8950,Article
missing_from_ours,10.1140/EPJC/S10052-021-08959-3,30783,8950,15477,8950,Article
missing_from_ours,10.1140/EPJC/S10052-021-08959-3,30783,8950,627165,8950,Article
missing_from_ours,10.1140/EPJC/S10052-021-08959-3,30783,8950,827695,8950,Article
missing_from_ours,10.1140/EPJC/S10052-021-08959-3,627165,8950,116604,8950,Article
missing_from_ours,10.1140/EPJC/S10052-021-08959-3,627165,8950,120362,8950,Article
missing_from_ours,10.1140/EPJC/S10052-021-08959-3,627165,8950,15477,8950,Article
missing_from_ours,10.1140/EPJC/S10052-021-08959-3,627165,8950,30783,8950,Article
missing_from_ours,10.1140/EPJC/S10052-021-08959-3,627165,8950,827695,8950,Article
missing_from_ours,10.1140/EPJC/S10052-021-08959-3,827695,8950,116604,8950,Article
missing_from_ours,10.1140/EPJC/S10052-021-08959-3,827695,8950,120362,8950,Article
missing_from_ours,10.1140/EPJC/S10052-021-08959-3,827695,8950,15477,8950,Article
missing_from_ours,10.1140/EPJC/S10052-021-08959-3,827695,8950,30783,8950,Article
missing_from_ours,10.1140/EPJC/S10052-021-08959-3,827695,8950,627165,8950,Article
missing_from_ours,10.1140/EPJC/S10052-022-10276-2,116604,8950,120362,8950,Article
missing_from_ours,10.1140/EPJC/S10052-022-10276-2,116604,8950,15477,8950,Article
missing_from_ours,10.1140/EPJC/S10052-022-10276-2,116604,8950,30783,8950,Article
missing_from_ours,10.1140/EPJC/S10052-022-10276-2,116604,8950,627165,8950,Article
missing_from_ours,10.1140/EPJC/S10052-022-10276-2,116604,8950,827695,8950,Article
missing_from_ours,10.1140/EPJC/S10052-022-10276-2,116604,8950,836518,8950,Article
missing_from_ours,10.1140/EPJC/S10052-022-10276-2,120362,8950,116604,8950,Article
missing_from_ours,10.1140/EPJC/S10052-022-10276-2,120362,8950,15477,8950,Article
missing_from_ours,10.1140/EPJC/S10052-022-10276-2,120362,8950,30783,8950,Article
missing_from_ours,10.1140/EPJC/S10052-022-10276-2,120362,8950,627165,8950,Article
missing_from_ours,10.1140/EPJC/S10052-022-10276-2,120362,8950,827695,8950,Article
missing_from_ours,10.1140/EPJC/S10052-022-10276-2,120362,8950,836518,8950,Article
missing_from_ours,10.1140/EPJC/S10052-022-10276-2,15477,8950,116604,8950,Article
missing_from_ours,10.1140/EPJC/S10052-022-10276-2,15477,8950,120362,8950,Article
missing_from_ours,10.1140/EPJC/S10052-022-10276-2,15477,8950,30783,8950,Article
missing_from_ours,10.1140/EPJC/S10052-022-10276-2,15477,8950,627165,8950,Article
missing_from_ours,10.1140/EPJC/S10052-022-10276-2,15477,8950,827695,8950,Article
missing_from_ours,10.1140/EPJC/S10052-022-10276-2,15477,8950,836518,8950,Article
missing_from_ours,10.1140/EPJC/S10052-022-10276-2,30783,8950,116604,8950,Article
missing_from_ours,10.1140/EPJC/S10052-022-10276-2,30783,8950,120362,8950,Article
missing_from_ours,10.1140/EPJC/S10052-022-10276-2,30783,8950,15477,8950,Article
missing_from_ours,10.1140/EPJC/S10052-022-10276-2,30783,8950,627165,8950,Article
missing_from_ours,10.1140/EPJC/S10052-022-10276-2,30783,8950,827695,8950,Article
missing_from_ours,10.1140/EPJC/S10052-022-10276-2,30783,8950,836518,8950,Article
missing_from_ours,10.1140/EPJC/S10052-022-10276-2,627165,8950,116604,8950,Article
missing_from_ours,10.1140/EPJC/S10052-022-10276-2,627165,8950,120362,8950,Article
missing_from_ours,10.1140/EPJC/S10052-022-10276-2,627165,8950,15477,8950,Article
missing_from_ours,10.1140/EPJC/S10052-022-10276-2,627165,8950,30783,8950,Article
missing_from_ours,10.1140/EPJC/S10052-022-10276-2,627165,8950,827695,8950,Article
missing_from_ours,10.1140/EPJC/S10052-022-10276-2,627165,8950,836518,8950,Article
missing_from_ours,10.1140/EPJC/S10052-022-10276-2,827695,8950,116604,8950,Article
missing_from_ours,10.1140/EPJC/S10052-022-10276-2,827695,8950,120362,8950,Article
missing_from_ours,10.1140/EPJC/S10052-022-10276-2,827695,8950,15477,8950,Article
missing_from_ours,10.1140/EPJC/S10052-022-10276-2,827695,8950,30783,8950,Article
missing_from_ours,10.1140/EPJC/S10052-022-10276-2,827695,8950,627165,8950,Article
missing_from_ours,10.1140/EPJC/S10052-022-10276-2,827695,8950,836518,8950,Article
missing_from_ours,10.1140/EPJC/S10052-022-10276-2,836518,8950,116604,8950,Article
missing_from_ours,10.1140/EPJC/S10052-022-10276-2,836518,8950,120362,8950,Article
missing_from_ours,10.1140/EPJC/S10052-022-10276-2,836518,8950,15477,8950,Article
missing_from_ours,10.1140/EPJC/S10052-022-10276-2,836518,8950,30783,8950,Article
missing_from_ours,10.1140/EPJC/S10052-022-10276-2,836518,8950,627165,8950,Article
missing_from_ours,10.1140/EPJC/S10052-022-10276-2,836518,8950,827695,8950,Article
missing_from_ours,10.1140/EPJC/S10052-022-10277-1,116604,8950,120362,8950,Article
missing_from_ours,10.1140/EPJC/S10052-022-10277-1,116604,8950,15477,8950,Article
missing_from_ours,10.1140/EPJC/S10052-022-10277-1,116604,8950,30783,8950,Article
missing_from_ours,10.1140/EPJC/S10052-022-10277-1,116604,8950,627165,8950,Article
missing_from_ours,10.1140/EPJC/S10052-022-10277-1,116604,8950,827695,8950,Article
missing_from_ours,10.1140/EPJC/S10052-022-10277-1,116604,8950,836518,8950,Article
missing_from_ours,10.1140/EPJC/S10052-022-10277-1,120362,8950,116604,8950,Article
missing_from_ours,10.1140/EPJC/S10052-022-10277-1,120362,8950,15477,8950,Article
missing_from_ours,10.1140/EPJC/S10052-022-10277-1,120362,8950,30783,8950,Article
missing_from_ours,10.1140/EPJC/S10052-022-10277-1,120362,8950,627165,8950,Article
missing_from_ours,10.1140/EPJC/S10052-022-10277-1,120362,8950,827695,8950,Article
missing_from_ours,10.1140/EPJC/S10052-022-10277-1,120362,8950,836518,8950,Article
missing_from_ours,10.1140/EPJC/S10052-022-10277-1,15477,8950,116604,8950,Article
missing_from_ours,10.1140/EPJC/S10052-022-10277-1,15477,8950,120362,8950,Article
missing_from_ours,10.1140/EPJC/S10052-022-10277-1,15477,8950,30783,8950,Article
missing_from_ours,10.1140/EPJC/S10052-022-10277-1,15477,8950,627165,8950,Article
missing_from_ours,10.1140/EPJC/S10052-022-10277-1,15477,8950,827695,8950,Article
missing_from_ours,10.1140/EPJC/S10052-022-10277-1,15477,8950,836518,8950,Article
missing_from_ours,10.1140/EPJC/S10052-022-10277-1,30783,8950,116604,8950,Article
missing_from_ours,10.1140/EPJC/S10052-022-10277-1,30783,8950,120362,8950,Article
missing_from_ours,10.1140/EPJC/S10052-022-10277-1,30783,8950,15477,8950,Article
missing_from_ours,10.1140/EPJC/S10052-022-10277-1,30783,8950,627165,8950,Article
missing_from_ours,10.1140/EPJC/S10052-022-10277-1,30783,8950,827695,8950,Article
missing_from_ours,10.1140/EPJC/S10052-022-10277-1,30783,8950,836518,8950,Article
missing_from_ours,10.1140/EPJC/S10052-022-10277-1,627165,8950,116604,8950,Article
missing_from_ours,10.1140/EPJC/S10052-022-10277-1,627165,8950,120362,8950,Article
missing_from_ours,10.1140/EPJC/S10052-022-10277-1,627165,8950,15477,8950,Article
missing_from_ours,10.1140/EPJC/S10052-022-10277-1,627165,8950,30783,8950,Article
missing_from_ours,10.1140/EPJC/S10052-022-10277-1,627165,8950,827695,8950,Article
missing_from_ours,10.1140/EPJC/S10052-022-10277-1,627165,8950,836518,8950,Article
missing_from_ours,10.1140/EPJC/S10052-022-10277-1,827695,8950,116604,8950,Article
missing_from_ours,10.1140/EPJC/S10052-022-10277-1,827695,8950,120362,8950,Article
missing_from_ours,10.1140/EPJC/S10052-022-10277-1,827695,8950,15477,8950,Article
missing_from_ours,10.1140/EPJC/S10052-022-10277-1,827695,8950,30783,8950,Article
missing_from_ours,10.1140/EPJC/S10052-022-10277-1,827695,8950,627165,8950,Article
missing_from_ours,10.1140/EPJC/S10052-022-10277-1,827695,8950,836518,8950,Article
missing_from_ours,10.1140/EPJC/S10052-022-10277-1,836518,8950,116604,8950,Article
missing_from_ours,10.1140/EPJC/S10052-022-10277-1,836518,8950,120362,8950,Article
missing_from_ours,10.1140/EPJC/S10052-022-10277-1,836518,8950,15477,8950,Article
missing_from_ours,10.1140/EPJC/S10052-022-10277-1,836518,8950,30783,8950,Article
missing_from_ours,10.1140/EPJC/S10052-022-10277-1,836518,8950,627165,8950,Article
missing_from_ours,10.1140/EPJC/S10052-022-10277-1,836518,8950,827695,8950,Article
missing_from_ours,10.1140/EPJC/S10052-022-10278-0,116604,8950,120362,8950,Article
missing_from_ours,10.1140/EPJC/S10052-022-10278-0,116604,8950,15477,8950,Article
missing_from_ours,10.1140/EPJC/S10052-022-10278-0,116604,8950,30783,8950,Article
missing_from_ours,10.1140/EPJC/S10052-022-10278-0,116604,8950,627165,8950,Article
missing_from_ours,10.1140/EPJC/S10052-022-10278-0,116604,8950,827695,8950,Article
missing_from_ours,10.1140/EPJC/S10052-022-10278-0,116604,8950,836518,8950,Article
missing_from_ours,10.1140/EPJC/S10052-022-10278-0,120362,8950,116604,8950,Article
missing_from_ours,10.1140/EPJC/S10052-022-10278-0,120362,8950,15477,8950,Article
missing_from_ours,10.1140/EPJC/S10052-022-10278-0,120362,8950,30783,8950,Article
missing_from_ours,10.1140/EPJC/S10052-022-10278-0,120362,8950,627165,8950,Article
missing_from_ours,10.1140/EPJC/S10052-022-10278-0,120362,8950,827695,8950,Article
missing_from_ours,10.1140/EPJC/S10052-022-10278-0,120362,8950,836518,8950,Article
missing_from_ours,10.1140/EPJC/S10052-022-10278-0,15477,8950,116604,8950,Article
missing_from_ours,10.1140/EPJC/S10052-022-10278-0,15477,8950,120362,8950,Article
missing_from_ours,10.1140/EPJC/S10052-022-10278-0,15477,8950,30783,8950,Article
missing_from_ours,10.1140/EPJC/S10052-022-10278-0,15477,8950,627165,8950,Article
missing_from_ours,10.1140/EPJC/S10052-022-10278-0,15477,8950,827695,8950,Article
missing_from_ours,10.1140/EPJC/S10052-022-10278-0,15477,8950,836518,8950,Article
missing_from_ours,10.1140/EPJC/S10052-022-10278-0,30783,8950,116604,8950,Article
missing_from_ours,10.1140/EPJC/S10052-022-10278-0,30783,8950,120362,8950,Article
missing_from_ours,10.1140/EPJC/S10052-022-10278-0,30783,8950,15477,8950,Article
missing_from_ours,10.1140/EPJC/S10052-022-10278-0,30783,8950,627165,8950,Article
missing_from_ours,10.1140/EPJC/S10052-022-10278-0,30783,8950,827695,8950,Article
missing_from_ours,10.1140/EPJC/S10052-022-10278-0,30783,8950,836518,8950,Article
missing_from_ours,10.1140/EPJC/S10052-022-10278-0,627165,8950,116604,8950,Article
missing_from_ours,10.1140/EPJC/S10052-022-10278-0,627165,8950,120362,8950,Article
missing_from_ours,10.1140/EPJC/S10052-022-10278-0,627165,8950,15477,8950,Article
missing_from_ours,10.1140/EPJC/S10052-022-10278-0,627165,8950,30783,8950,Article
missing_from_ours,10.1140/EPJC/S10052-022-10278-0,627165,8950,827695,8950,Article
missing_from_ours,10.1140/EPJC/S10052-022-10278-0,627165,8950,836518,8950,Article
missing_from_ours,10.1140/EPJC/S10052-022-10278-0,827695,8950,116604,8950,Article
missing_from_ours,10.1140/EPJC/S10052-022-10278-0,827695,8950,120362,8950,Article
missing_from_ours,10.1140/EPJC/S10052-022-10278-0,827695,8950,15477,8950,Article
missing_from_ours,10.1140/EPJC/S10052-022-10278-0,827695,8950,30783,8950,Article
missing_from_ours,10.1140/EPJC/S10052-022-10278-0,827695,8950,627165,8950,Article
missing_from_ours,10.1140/EPJC/S10052-022-10278-0,827695,8950,836518,8950,Article
missing_from_ours,10.1140/EPJC/S10052-022-10278-0,836518,8950,116604,8950,Article
missing_from_ours,10.1140/EPJC/S10052-022-10278-0,836518,8950,120362,8950,Article
missing_from_ours,10.1140/EPJC/S10052-022-10278-0,836518,8950,15477,8950,Article
missing_from_ours,10.1140/EPJC/S10052-022-10278-0,836518,8950,30783,8950,Article
missing_from_ours,10.1140/EPJC/S10052-022-10278-0,836518,8950,627165,8950,Article
missing_from_ours,10.1140/EPJC/S10052-022-10278-0,836518,8950,827695,8950,Article
missing_from_ours,10.1140/EPJC/S10052-023-11272-W,116604,8950,120362,8950,Article
missing_from_ours,10.1140/EPJC/S10052-023-11272-W,116604,8950,15477,8950,Article
missing_from_ours,10.1140/EPJC/S10052-023-11272-W,116604,8950,30783,8950,Article
missing_from_ours,10.1140/EPJC/S10052-023-11272-W,116604,8950,627165,8950,Article
missing_from_ours,10.1140/EPJC/S10052-023-11272-W,116604,8950,827695,8950,Article
missing_from_ours,10.1140/EPJC/S10052-023-11272-W,116604,8950,836518,8950,Article
missing_from_ours,10.1140/EPJC/S10052-023-11272-W,120362,8950,116604,8950,Article
missing_from_ours,10.1140/EPJC/S10052-023-11272-W,120362,8950,15477,8950,Article
missing_from_ours,10.1140/EPJC/S10052-023-11272-W,120362,8950,30783,8950,Article
missing_from_ours,10.1140/EPJC/S10052-023-11272-W,120362,8950,627165,8950,Article
missing_from_ours,10.1140/EPJC/S10052-023-11272-W,120362,8950,827695,8950,Article
missing_from_ours,10.1140/EPJC/S10052-023-11272-W,120362,8950,836518,8950,Article
missing_from_ours,10.1140/EPJC/S10052-023-11272-W,15477,8950,116604,8950,Article
missing_from_ours,10.1140/EPJC/S10052-023-11272-W,15477,8950,120362,8950,Article
missing_from_ours,10.1140/EPJC/S10052-023-11272-W,15477,8950,30783,8950,Article
missing_from_ours,10.1140/EPJC/S10052-023-11272-W,15477,8950,627165,8950,Article
missing_from_ours,10.1140/EPJC/S10052-023-11272-W,15477,8950,827695,8950,Article
missing_from_ours,10.1140/EPJC/S10052-023-11272-W,15477,8950,836518,8950,Article
missing_from_ours,10.1140/EPJC/S10052-023-11272-W,30783,8950,116604,8950,Article
missing_from_ours,10.1140/EPJC/S10052-023-11272-W,30783,8950,120362,8950,Article
missing_from_ours,10.1140/EPJC/S10052-023-11272-W,30783,8950,15477,8950,Article
missing_from_ours,10.1140/EPJC/S10052-023-11272-W,30783,8950,627165,8950,Article
missing_from_ours,10.1140/EPJC/S10052-023-11272-W,30783,8950,827695,8950,Article
missing_from_ours,10.1140/EPJC/S10052-023-11272-W,30783,8950,836518,8950,Article
missing_from_ours,10.1140/EPJC/S10052-023-11272-W,627165,8950,116604,8950,Article
missing_from_ours,10.1140/EPJC/S10052-023-11272-W,627165,8950,120362,8950,Article
missing_from_ours,10.1140/EPJC/S10052-023-11272-W,627165,8950,15477,8950,Article
missing_from_ours,10.1140/EPJC/S10052-023-11272-W,627165,8950,30783,8950,Article
missing_from_ours,10.1140/EPJC/S10052-023-11272-W,627165,8950,827695,8950,Article
missing_from_ours,10.1140/EPJC/S10052-023-11272-W,627165,8950,836518,8950,Article
missing_from_ours,10.1140/EPJC/S10052-023-11272-W,827695,8950,116604,8950,Article
missing_from_ours,10.1140/EPJC/S10052-023-11272-W,827695,8950,120362,8950,Article
missing_from_ours,10.1140/EPJC/S10052-023-11272-W,827695,8950,15477,8950,Article
missing_from_ours,10.1140/EPJC/S10052-023-11272-W,827695,8950,30783,8950,Article
missing_from_ours,10.1140/EPJC/S10052-023-11272-W,827695,8950,627165,8950,Article
missing_from_ours,10.1140/EPJC/S10052-023-11272-W,827695,8950,836518,8950,Article
missing_from_ours,10.1140/EPJC/S10052-023-11272-W,836518,8950,116604,8950,Article
missing_from_ours,10.1140/EPJC/S10052-023-11272-W,836518,8950,120362,8950,Article
missing_from_ours,10.1140/EPJC/S10052-023-11272-W,836518,8950,15477,8950,Article
missing_from_ours,10.1140/EPJC/S10052-023-11272-W,836518,8950,30783,8950,Article
missing_from_ours,10.1140/EPJC/S10052-023-11272-W,836518,8950,627165,8950,Article
missing_from_ours,10.1140/EPJC/S10052-023-11272-W,836518,8950,827695,8950,Article
missing_from_ours,10.1140/EPJC/S10052-023-11815-1,1977480,8950,544556,8938,Article
missing_from_ours,10.1140/EPJC/S10052-023-11815-1,1977480,8950,544556,8950,Article
missing_from_ours,10.1140/EPJC/S10052-023-11815-1,544556,8938,1977480,8950,Article
missing_from_ours,10.1140/EPJC/S10052-023-11815-1,544556,8950,1977480,8950,Article
missing_from_ours,10.1140/EPJC/S10052-023-11832-0,1977480,8950,544556,8938,Article
missing_from_ours,10.1140/EPJC/S10052-023-11832-0,1977480,8950,544556,8950,Article
missing_from_ours,10.1140/EPJC/S10052-023-11832-0,544556,8938,1977480,8950,Article
missing_from_ours,10.1140/EPJC/S10052-023-11832-0,544556,8950,1977480,8950,Article
missing_from_ours,10.1145/3450351,4077,8937,72171,8937,Article
missing_from_ours,10.1145/3450351,4077,8937,789742,8937,Article
missing_from_ours,10.1145/3450351,72171,8937,4077,8937,Article
missing_from_ours,10.1145/3450351,72171,8937,789742,8937,Article
missing_from_ours,10.1145/3450351,789742,8937,4077,8937,Article
missing_from_ours,10.1145/3450351,789742,8937,72171,8937,Article
missing_from_ours,10.1145/3572897,144262,33503,824717,8937,Article
missing_from_ours,10.1145/3572897,144262,8937,824717,8937,Article
missing_from_ours,10.1145/3572897,144262,8938,824717,8937,Article
missing_from_ours,10.1145/3572897,824717,8937,144262,33503,Article
missing_from_ours,10.1145/3572897,824717,8937,144262,8937,Article
missing_from_ours,10.1145/3572897,824717,8937,144262,8938,Article
missing_from_ours,10.1145/3658644.3691421,115847,8938,288398,8945,Conference Proceeding
missing_from_ours,10.1145/3658644.3691421,115847,8945,288398,8945,Conference Proceeding
missing_from_ours,10.1145/3658644.3691421,288398,8945,115847,8938,Conference Proceeding
missing_from_ours,10.1145/3658644.3691421,288398,8945,115847,8945,Conference Proceeding
missing_from_ours,10.1158/1538-7445.AM2021-2506,1351825,8929,50211,8929,Conference Proceeding
missing_from_ours,10.1158/1538-7445.AM2021-2506,50211,8929,1351825,8929,Conference Proceeding
missing_from_ours,10.1158/1538-7445.AM2021-309,145732,8931,779088,8928,Conference Proceeding
missing_from_ours,10.1158/1538-7445.AM2021-309,779088,8928,145732,8931,Conference Proceeding
missing_from_ours,10.1158/1538-7445.AM2021-NG10,412247,8929,627127,33503,Conference Proceeding
missing_from_ours,10.1158/1538-7445.AM2021-NG10,412247,8929,627127,8930,Conference Proceeding
missing_from_ours,10.1158/1538-7445.AM2021-NG10,412247,8929,627127,8931,Conference Proceeding
missing_from_ours,10.1158/1538-7445.AM2021-NG10,627127,33503,412247,8929,Conference Proceeding
missing_from_ours,10.1158/1538-7445.AM2021-NG10,627127,8930,412247,8929,Conference Proceeding
missing_from_ours,10.1158/1538-7445.AM2021-NG10,627127,8931,412247,8929,Conference Proceeding
missing_from_ours,10.1158/1538-7445.AM2022-365,115935,8928,60069,8928,Article
missing_from_ours,10.1158/1538-7445.AM2022-365,115935,8931,60069,8928,Article
missing_from_ours,10.1158/1538-7445.AM2022-365,60069,8928,115935,8928,Article
missing_from_ours,10.1158/1538-7445.AM2022-365,60069,8928,115935,8931,Article
missing_from_ours,10.1158/1538-7445.AM2023-3371,63580,8931,8219,33503,Article
missing_from_ours,10.1158/1538-7445.AM2023-3371,63580,8931,8219,8937,Article
missing_from_ours,10.1158/1538-7445.AM2023-3371,8219,33503,63580,8931,Article
missing_from_ours,10.1158/1538-7445.AM2023-3371,8219,8937,63580,8931,Article
missing_from_ours,10.1158/2326-6074.TUMIMM20-PO043,145732,8931,60069,8928,Conference Proceeding
missing_from_ours,10.1158/2326-6074.TUMIMM20-PO043,60069,8928,145732,8931,Conference Proceeding
missing_from_ours,10.1158/2326-6074.TUMIMM20-PR010,827663,8929,94944,8929,Conference Proceeding
missing_from_ours,10.1158/2326-6074.TUMIMM20-PR010,94944,8929,827663,8929,Conference Proceeding
missing_from_ours,10.1175/BAMS-D-21-0083.1,370228,33843,370230,33843,Article
missing_from_ours,10.1175/BAMS-D-21-0083.1,370230,33843,370228,33843,Article
missing_from_ours,10.1175/BAMS-D-22-0072.1,370228,33843,370230,33843,Article
missing_from_ours,10.1175/BAMS-D-22-0072.1,370230,33843,370228,33843,Article
missing_from_ours,10.1175/BAMS-D-24-0100.1,370228,33843,370230,33843,Article
missing_from_ours,10.1175/BAMS-D-24-0100.1,370230,33843,370228,33843,Article
missing_from_ours,10.1182/BLOOD-2022-169700,176243,8928,779118,33503,Article
missing_from_ours,10.1182/BLOOD-2022-169700,176243,8928,779118,8932,Article
missing_from_ours,10.1182/BLOOD-2022-169700,176243,8944,779118,33503,Article
missing_from_ours,10.1182/BLOOD-2022-169700,176243,8944,779118,8932,Article
missing_from_ours,10.1182/BLOOD-2022-169700,779118,33503,176243,8928,Article
missing_from_ours,10.1182/BLOOD-2022-169700,779118,33503,176243,8944,Article
missing_from_ours,10.1182/BLOOD-2022-169700,779118,8932,176243,8928,Article
missing_from_ours,10.1182/BLOOD-2022-169700,779118,8932,176243,8944,Article
missing_from_ours,10.1186/S12859-023-05313-0,175847,8933,919199,33841,Article
missing_from_ours,10.1186/S12859-023-05313-0,175847,8935,919199,33841,Article
missing_from_ours,10.1186/S12859-023-05313-0,919199,33841,175847,8933,Article
missing_from_ours,10.1186/S12859-023-05313-0,919199,33841,175847,8935,Article
missing_from_ours,10.1186/S13287-024-04048-W,175857,8928,50517,8928,Article
missing_from_ours,10.1186/S13287-024-04048-W,175857,8928,50517,8937,Article
missing_from_ours,10.1186/S13287-024-04048-W,175857,8929,50517,8928,Article
missing_from_ours,10.1186/S13287-024-04048-W,175857,8929,50517,8937,Article
missing_from_ours,10.1186/S13287-024-04048-W,50517,8928,175857,8928,Article
missing_from_ours,10.1186/S13287-024-04048-W,50517,8928,175857,8929,Article
missing_from_ours,10.1186/S13287-024-04048-W,50517,8937,175857,8928,Article
missing_from_ours,10.1186/S13287-024-04048-W,50517,8937,175857,8929,Article
missing_from_ours,10.1200/JCO.2021.39.15_SUPPL.3131,100462,8929,122664,33503,Article
missing_from_ours,10.1200/JCO.2021.39.15_SUPPL.3131,100462,8929,17819,33503,Article
missing_from_ours,10.1200/JCO.2021.39.15_SUPPL.3131,100462,8929,17819,8928,Article
missing_from_ours,10.1200/JCO.2021.39.15_SUPPL.3131,100462,8929,17819,8931,Article
missing_from_ours,10.1200/JCO.2021.39.15_SUPPL.3131,100462,8929,17819,8932,Article
missing_from_ours,10.1200/JCO.2021.39.15_SUPPL.3131,100462,8929,17819,8950,Article
missing_from_ours,10.1200/JCO.2021.39.15_SUPPL.3131,122664,33503,100462,8929,Article
missing_from_ours,10.1200/JCO.2021.39.15_SUPPL.3131,122664,33503,17819,33503,Article
missing_from_ours,10.1200/JCO.2021.39.15_SUPPL.3131,122664,33503,17819,8928,Article
missing_from_ours,10.1200/JCO.2021.39.15_SUPPL.3131,122664,33503,17819,8931,Article
missing_from_ours,10.1200/JCO.2021.39.15_SUPPL.3131,122664,33503,17819,8932,Article
missing_from_ours,10.1200/JCO.2021.39.15_SUPPL.3131,122664,33503,17819,8950,Article
missing_from_ours,10.1200/JCO.2021.39.15_SUPPL.3131,17819,33503,100462,8929,Article
missing_from_ours,10.1200/JCO.2021.39.15_SUPPL.3131,17819,33503,122664,33503,Article
missing_from_ours,10.1200/JCO.2021.39.15_SUPPL.3131,17819,8928,100462,8929,Article
missing_from_ours,10.1200/JCO.2021.39.15_SUPPL.3131,17819,8928,122664,33503,Article
missing_from_ours,10.1200/JCO.2021.39.15_SUPPL.3131,17819,8931,100462,8929,Article
missing_from_ours,10.1200/JCO.2021.39.15_SUPPL.3131,17819,8931,122664,33503,Article
missing_from_ours,10.1200/JCO.2021.39.15_SUPPL.3131,17819,8932,100462,8929,Article
missing_from_ours,10.1200/JCO.2021.39.15_SUPPL.3131,17819,8932,122664,33503,Article
missing_from_ours,10.1200/JCO.2021.39.15_SUPPL.3131,17819,8950,100462,8929,Article
missing_from_ours,10.1200/JCO.2021.39.15_SUPPL.3131,17819,8950,122664,33503,Article
missing_from_ours,10.23919/VLSITECHNOLOGYANDCIR57934.2023.10185279,152464,8937,19111,8937,Conference Proceeding
missing_from_ours,10.23919/VLSITECHNOLOGYANDCIR57934.2023.10185279,19111,8937,152464,8937,Conference Proceeding
missing_from_ours,10.2514/6.2022-0343.C1,138846,8926,45488,8926,Conference Proceeding
missing_from_ours,10.2514/6.2022-0343.C1,45488,8926,138846,8926,Conference Proceeding
missing_from_ours,10.2514/6.2022-0587.C1,45488,8926,936750,8926,Conference Proceeding
missing_from_ours,10.2514/6.2022-0587.C1,936750,8926,45488,8926,Conference Proceeding
missing_from_ours,10.2514/6.2023-3422.C1,138846,8926,936750,8926,Conference Proceeding
missing_from_ours,10.2514/6.2023-3422.C1,936750,8926,138846,8926,Conference Proceeding
missing_from_ours,10.2514/6.2023-4158.C1,124124,8926,41860,8926,Conference Proceeding
missing_from_ours,10.2514/6.2023-4158.C1,124124,8926,54070,8937,Conference Proceeding
missing_from_ours,10.2514/6.2023-4158.C1,124124,8926,58424,8937,Conference Proceeding
missing_from_ours,10.2514/6.2023-4158.C1,124124,8926,91892,8937,Conference Proceeding
missing_from_ours,10.2514/6.2023-4158.C1,41860,8926,124124,8926,Conference Proceeding
missing_from_ours,10.2514/6.2023-4158.C1,41860,8926,54070,8937,Conference Proceeding
missing_from_ours,10.2514/6.2023-4158.C1,41860,8926,58424,8937,Conference Proceeding
missing_from_ours,10.2514/6.2023-4158.C1,41860,8926,91892,8937,Conference Proceeding
missing_from_ours,10.2514/6.2023-4158.C1,54070,8937,124124,8926,Conference Proceeding
missing_from_ours,10.2514/6.2023-4158.C1,54070,8937,41860,8926,Conference Proceeding
missing_from_ours,10.2514/6.2023-4158.C1,54070,8937,58424,8937,Conference Proceeding
missing_from_ours,10.2514/6.2023-4158.C1,54070,8937,91892,8937,Conference Proceeding
missing_from_ours,10.2514/6.2023-4158.C1,58424,8937,124124,8926,Conference Proceeding
missing_from_ours,10.2514/6.2023-4158.C1,58424,8937,41860,8926,Conference Proceeding
missing_from_ours,10.2514/6.2023-4158.C1,58424,8937,54070,8937,Conference Proceeding
missing_from_ours,10.2514/6.2023-4158.C1,58424,8937,91892,8937,Conference Proceeding
missing_from_ours,10.2514/6.2023-4158.C1,91892,8937,124124,8926,Conference Proceeding
missing_from_ours,10.2514/6.2023-4158.C1,91892,8937,41860,8926,Conference Proceeding
missing_from_ours,10.2514/6.2023-4158.C1,91892,8937,54070,8937,Conference Proceeding
missing_from_ours,10.2514/6.2023-4158.C1,91892,8937,58424,8937,Conference Proceeding
missing_from_ours,10.3389/FMARS.2023.1361265,287266,33843,288147,33840,Article
missing_from_ours,10.3389/FMARS.2023.1361265,288147,33840,287266,33843,Article
missing_from_ours,10.3847/1538-3881/AC2D32,1109714,8950,289272,8926,Article
missing_from_ours,10.3847/1538-3881/AC2D32,1109714,8950,289272,8935,Article
missing_from_ours,10.3847/1538-3881/AC2D32,1109714,8950,289272,8950,Article
missing_from_ours,10.3847/1538-3881/AC2D32,289272,8926,1109714,8950,Article
missing_from_ours,10.3847/1538-3881/AC2D32,289272,8935,1109714,8950,Article
missing_from_ours,10.3847/1538-3881/AC2D32,289272,8950,1109714,8950,Article
missing_from_ours,10.3847/1538-3881/AC4477,1109714,8950,289272,8926,Article
missing_from_ours,10.3847/1538-3881/AC4477,1109714,8950,289272,8935,Article
missing_from_ours,10.3847/1538-3881/AC4477,1109714,8950,289272,8950,Article
missing_from_ours,10.3847/1538-3881/AC4477,289272,8926,1109714,8950,Article
missing_from_ours,10.3847/1538-3881/AC4477,289272,8935,1109714,8950,Article
missing_from_ours,10.3847/1538-3881/AC4477,289272,8950,1109714,8950,Article
missing_from_ours,10.3847/1538-3881/ACB589,1109714,8950,289272,8926,Article
missing_from_ours,10.3847/1538-3881/ACB589,1109714,8950,289272,8935,Article
missing_from_ours,10.3847/1538-3881/ACB589,1109714,8950,289272,8950,Article
missing_from_ours,10.3847/1538-3881/ACB589,289272,8926,1109714,8950,Article
missing_from_ours,10.3847/1538-3881/ACB589,289272,8935,1109714,8950,Article
missing_from_ours,10.3847/1538-3881/ACB589,289272,8950,1109714,8950,Article
missing_from_ours,10.3847/1538-4357/AC05C3,123266,8950,1824002,8950,Article
missing_from_ours,10.3847/1538-4357/AC05C3,1824002,8950,123266,8950,Article
missing_from_ours,10.3847/1538-4357/AC1F2C,503306,8950,544569,8950,Article
missing_from_ours,10.3847/1538-4357/AC1F2C,503306,8950,67570,8950,Article
missing_from_ours,10.3847/1538-4357/AC1F2C,503306,8950,827691,8950,Article
missing_from_ours,10.3847/1538-4357/AC1F2C,503306,8950,837222,8944,Article
missing_from_ours,10.3847/1538-4357/AC1F2C,544569,8950,503306,8950,Article
missing_from_ours,10.3847/1538-4357/AC1F2C,544569,8950,67570,8950,Article
missing_from_ours,10.3847/1538-4357/AC1F2C,544569,8950,827691,8950,Article
missing_from_ours,10.3847/1538-4357/AC1F2C,544569,8950,837222,8944,Article
missing_from_ours,10.3847/1538-4357/AC1F2C,67570,8950,503306,8950,Article
missing_from_ours,10.3847/1538-4357/AC1F2C,67570,8950,544569,8950,Article
missing_from_ours,10.3847/1538-4357/AC1F2C,67570,8950,827691,8950,Article
missing_from_ours,10.3847/1538-4357/AC1F2C,67570,8950,837222,8944,Article
missing_from_ours,10.3847/1538-4357/AC1F2C,827691,8950,503306,8950,Article
missing_from_ours,10.3847/1538-4357/AC1F2C,827691,8950,544569,8950,Article
missing_from_ours,10.3847/1538-4357/AC1F2C,827691,8950,67570,8950,Article
missing_from_ours,10.3847/1538-4357/AC1F2C,827691,8950,837222,8944,Article
missing_from_ours,10.3847/1538-4357/AC1F2C,837222,8944,503306,8950,Article
missing_from_ours,10.3847/1538-4357/AC1F2C,837222,8944,544569,8950,Article
missing_from_ours,10.3847/1538-4357/AC1F2C,837222,8944,67570,8950,Article
missing_from_ours,10.3847/1538-4357/AC1F2C,837222,8944,827691,8950,Article
missing_from_ours,10.3847/1538-4357/AC1F2D,544569,8950,67570,8950,Article
missing_from_ours,10.3847/1538-4357/AC1F2D,544569,8950,827691,8950,Article
missing_from_ours,10.3847/1538-4357/AC1F2D,67570,8950,544569,8950,Article
missing_from_ours,10.3847/1538-4357/AC1F2D,67570,8950,827691,8950,Article
missing_from_ours,10.3847/1538-4357/AC1F2D,827691,8950,544569,8950,Article
missing_from_ours,10.3847/1538-4357/AC1F2D,827691,8950,67570,8950,Article
missing_from_ours,10.3847/1538-4357/AC4267,503306,8950,544569,8950,Article
missing_from_ours,10.3847/1538-4357/AC4267,503306,8950,67570,8950,Article
missing_from_ours,10.3847/1538-4357/AC4267,503306,8950,827691,8950,Article
missing_from_ours,10.3847/1538-4357/AC4267,503306,8950,837222,8944,Article
missing_from_ours,10.3847/1538-4357/AC4267,544569,8950,503306,8950,Article
missing_from_ours,10.3847/1538-4357/AC4267,544569,8950,67570,8950,Article
missing_from_ours,10.3847/1538-4357/AC4267,544569,8950,827691,8950,Article
missing_from_ours,10.3847/1538-4357/AC4267,544569,8950,837222,8944,Article
missing_from_ours,10.3847/1538-4357/AC4267,67570,8950,503306,8950,Article
missing_from_ours,10.3847/1538-4357/AC4267,67570,8950,544569,8950,Article
missing_from_ours,10.3847/1538-4357/AC4267,67570,8950,827691,8950,Article
missing_from_ours,10.3847/1538-4357/AC4267,67570,8950,837222,8944,Article
missing_from_ours,10.3847/1538-4357/AC4267,827691,8950,503306,8950,Article
missing_from_ours,10.3847/1538-4357/AC4267,827691,8950,544569,8950,Article
missing_from_ours,10.3847/1538-4357/AC4267,827691,8950,67570,8950,Article
missing_from_ours,10.3847/1538-4357/AC4267,827691,8950,837222,8944,Article
missing_from_ours,10.3847/1538-4357/AC4267,837222,8944,503306,8950,Article
missing_from_ours,10.3847/1538-4357/AC4267,837222,8944,544569,8950,Article
missing_from_ours,10.3847/1538-4357/AC4267,837222,8944,67570,8950,Article
missing_from_ours,10.3847/1538-4357/AC4267,837222,8944,827691,8950,Article
missing_from_ours,10.3847/25C2CFEB.026A7425,287800,33842,779122,8935,Article
missing_from_ours,10.3847/25C2CFEB.026A7425,779122,8935,287800,33842,Article
missing_from_ours,10.3847/25C2CFEB.1F3849DB,289279,33836,370183,33841,Article
missing_from_ours,10.3847/25C2CFEB.1F3849DB,289279,33836,488113,33836,Article
missing_from_ours,10.3847/25C2CFEB.1F3849DB,289279,33836,645272,33836,Article
missing_from_ours,10.3847/25C2CFEB.1F3849DB,370183,33841,289279,33836,Article
missing_from_ours,10.3847/25C2CFEB.1F3849DB,370183,33841,488113,33836,Article
missing_from_ours,10.3847/25C2CFEB.1F3849DB,370183,33841,645272,33836,Article
missing_from_ours,10.3847/25C2CFEB.1F3849DB,488113,33836,289279,33836,Article
missing_from_ours,10.3847/25C2CFEB.1F3849DB,488113,33836,370183,33841,Article
missing_from_ours,10.3847/25C2CFEB.1F3849DB,488113,33836,645272,33836,Article
missing_from_ours,10.3847/25C2CFEB.1F3849DB,645272,33836,289279,33836,Article
missing_from_ours,10.3847/25C2CFEB.1F3849DB,645272,33836,370183,33841,Article
missing_from_ours,10.3847/25C2CFEB.1F3849DB,645272,33836,488113,33836,Article
missing_from_ours,10.3847/25C2CFEB.4B695863,287800,33842,779122,8935,Article
missing_from_ours,10.3847/25C2CFEB.4B695863,779122,8935,287800,33842,Article
missing_from_ours,10.3847/25C2CFEB.8EF223F3,101859,8935,779122,8935,Article
missing_from_ours,10.3847/25C2CFEB.8EF223F3,779122,8935,101859,8935,Article
missing_from_ours,10.3847/25C2CFEB.9D29EF85,101859,8935,488061,8926,Article
missing_from_ours,10.3847/25C2CFEB.9D29EF85,101859,8935,488061,8935,Article
missing_from_ours,10.3847/25C2CFEB.9D29EF85,488061,8926,101859,8935,Article
missing_from_ours,10.3847/25C2CFEB.9D29EF85,488061,8935,101859,8935,Article
missing_from_ours,10.3847/25C2CFEB.BC2B9583,287030,33842,288948,8935,Article
missing_from_ours,10.3847/25C2CFEB.BC2B9583,287030,33842,779122,8935,Article
missing_from_ours,10.3847/25C2CFEB.BC2B9583,288948,8935,287030,33842,Article
missing_from_ours,10.3847/25C2CFEB.BC2B9583,288948,8935,779122,8935,Article
missing_from_ours,10.3847/25C2CFEB.BC2B9583,779122,8935,287030,33842,Article
missing_from_ours,10.3847/25C2CFEB.BC2B9583,779122,8935,288948,8935,Article
missing_from_ours,10.4049/JIMMUNOL.206.SUPP.29.05,115935,8928,60069,8928,Article
missing_from_ours,10.4049/JIMMUNOL.206.SUPP.29.05,115935,8931,60069,8928,Article
missing_from_ours,10.4049/JIMMUNOL.206.SUPP.29.05,60069,8928,115935,8928,Article
missing_from_ours,10.4049/JIMMUNOL.206.SUPP.29.05,60069,8928,115935,8931,Article
missing_from_ours,10.4049/JIMMUNOL.208.SUPP.122.09,115935,8928,60069,8928,Article
missing_from_ours,10.4049/JIMMUNOL.208.SUPP.122.09,115935,8931,60069,8928,Article
missing_from_ours,10.4049/JIMMUNOL.208.SUPP.122.09,60069,8928,115935,8928,Article
missing_from_ours,10.4049/JIMMUNOL.208.SUPP.122.09,60069,8928,115935,8931,Article
missing_from_ours,10.5334/AOGH.3916,370201,33841,370225,33841,Article
missing_from_ours,10.5334/AOGH.3916,370225,33841,370201,33841,Article
missing_from_ours,10.5334/AOGH.4331,370201,33841,370225,33841,Article
missing_from_ours,10.5334/AOGH.4331,370225,33841,370201,33841,Article
missing_from_ours,10.7185/GOLD2023.17618,287800,33842,289279,33836,Conference Proceeding
missing_from_ours,10.7185/GOLD2023.17618,287800,33842,645272,33836,Conference Proceeding
missing_from_ours,10.7185/GOLD2023.17618,289279,33836,287800,33842,Conference Proceeding
missing_from_ours,10.7185/GOLD2023.17618,289279,33836,645272,33836,Conference Proceeding
missing_from_ours,10.7185/GOLD2023.17618,645272,33836,287800,33842,Conference Proceeding
missing_from_ours,10.7185/GOLD2023.17618,645272,33836,289279,33836,Conference Proceeding
extra_in_ours,10.1109/CLEO/EUROPE-EQEC52157.2021.95424,151147,8937,261298,8937,Conference Proceeding
extra_in_ours,10.1109/CLEO/EUROPE-EQEC52157.2021.95424,261298,8937,151147,8937,Conference Proceeding
extra_in_ours,10.1109/INTERMAGSHORTPAPERS58606.2023.10,163144,8942,287087,8942,Conference Proceeding
extra_in_ours,10.1109/INTERMAGSHORTPAPERS58606.2023.10,287087,8942,163144,8942,Conference Proceeding
extra_in_ours,10.1109/OCEANSLIMERICK52467.2023.1024451,51803,8944,60042,8944,Conference Proceeding
extra_in_ours,10.1109/OCEANSLIMERICK52467.2023.1024451,60042,8944,51803,8944,Conference Proceeding
extra_in_ours,10.1109/VLSITECHNOLOGYANDCIR46769.2022.9,152464,8937,19111,8937,Conference Proceeding
extra_in_ours,10.1109/VLSITECHNOLOGYANDCIR46769.2022.9,19111,8937,152464,8937,Conference Proceeding
extra_in_ours,10.23919/VLSITECHNOLOGYANDCIR57934.2023.,152464,8937,19111,8937,Conference Proceeding
extra_in_ours,10.23919/VLSITECHNOLOGYANDCIR57934.2023.,19111,8937,152464,8937,Conference Proceeding
